train_loss_step,train_acc_step,train_prec_step,train_rec_step,train_f1_step,epoch,step,val_loss,val_acc,val_prec,val_rec,val_f1,train_loss_epoch,train_acc_epoch,train_prec_epoch,train_rec_epoch,train_f1_epoch,test_loss,test_acc,test_prec,test_rec,test_f1
1.8149865865707397,0.4000000059604645,0.26249998807907104,0.4000000059604645,0.2836363911628723,0,49,,,,,,,,,,,,,,,
1.69620680809021,0.0,0.0,0.0,0.0,0,99,,,,,,,,,,,,,,,
1.3876286745071411,0.6000000238418579,0.6000000238418579,0.6000000238418579,0.6000000238418579,0,149,,,,,,,,,,,,,,,
1.394832730293274,0.5,0.5166666507720947,0.5,0.46000000834465027,0,199,,,,,,,,,,,,,,,
1.5848605632781982,0.30000001192092896,0.18666666746139526,0.30000001192092896,0.23000000417232513,0,249,,,,,,,,,,,,,,,
1.6227630376815796,0.30000001192092896,0.09000000357627869,0.30000001192092896,0.13846154510974884,0,299,,,,,,,,,,,,,,,
1.3349605798721313,0.4000000059604645,0.1599999964237213,0.4000000059604645,0.22857144474983215,0,349,,,,,,,,,,,,,,,
1.4214941263198853,0.30000001192092896,0.13333334028720856,0.30000001192092896,0.1846153885126114,0,399,,,,,,,,,,,,,,,
1.591164231300354,0.4000000059604645,0.1599999964237213,0.4000000059604645,0.22857144474983215,0,449,,,,,,,,,,,,,,,
1.6443264484405518,0.30000001192092896,0.11249999701976776,0.30000001192092896,0.16363637149333954,0,499,,,,,,,,,,,,,,,
1.9744173288345337,0.20000000298023224,0.03999999910593033,0.20000000298023224,0.06666667014360428,0,549,,,,,,,,,,,,,,,
1.4541208744049072,0.4000000059604645,0.1599999964237213,0.4000000059604645,0.22857144474983215,0,599,,,,,,,,,,,,,,,
1.7417423725128174,0.20000000298023224,0.03999999910593033,0.20000000298023224,0.06666667014360428,0,649,,,,,,,,,,,,,,,
1.4828355312347412,0.4000000059604645,0.1599999964237213,0.4000000059604645,0.22857144474983215,0,699,,,,,,,,,,,,,,,
1.4508464336395264,0.4000000059604645,0.1599999964237213,0.4000000059604645,0.22857144474983215,0,749,,,,,,,,,,,,,,,
1.468126654624939,0.30000001192092896,0.09000000357627869,0.30000001192092896,0.13846154510974884,0,799,,,,,,,,,,,,,,,
1.6622059345245361,0.5,0.25,0.5,0.3333333432674408,0,849,,,,,,,,,,,,,,,
1.3774179220199585,0.4000000059604645,0.222222238779068,0.4000000059604645,0.2857142984867096,0,899,,,,,,,,,,,,,,,
1.6927778720855713,0.20000000298023224,0.03999999910593033,0.20000000298023224,0.06666667014360428,0,949,,,,,,,,,,,,,,,
1.6969702243804932,0.20000000298023224,0.03999999910593033,0.20000000298023224,0.06666667014360428,0,999,,,,,,,,,,,,,,,
1.4073131084442139,0.4000000059604645,0.1599999964237213,0.4000000059604645,0.22857144474983215,0,1049,,,,,,,,,,,,,,,
1.4287018775939941,0.4000000059604645,0.1599999964237213,0.4000000059604645,0.22857144474983215,0,1099,,,,,,,,,,,,,,,
1.4633078575134277,0.30000001192092896,0.09000000357627869,0.30000001192092896,0.13846154510974884,0,1149,,,,,,,,,,,,,,,
1.425301432609558,0.4000000059604645,0.1599999964237213,0.4000000059604645,0.22857144474983215,0,1199,,,,,,,,,,,,,,,
1.4234362840652466,0.30000001192092896,0.09000000357627869,0.30000001192092896,0.13846154510974884,0,1249,,,,,,,,,,,,,,,
1.8426462411880493,0.4000000059604645,0.1599999964237213,0.4000000059604645,0.22857144474983215,0,1299,,,,,,,,,,,,,,,
1.5539758205413818,0.4000000059604645,0.1599999964237213,0.4000000059604645,0.22857144474983215,0,1349,,,,,,,,,,,,,,,
1.8763309717178345,0.10000000149011612,0.009999999776482582,0.10000000149011612,0.01818181946873665,0,1399,,,,,,,,,,,,,,,
1.580886721611023,0.4000000059604645,0.1599999964237213,0.4000000059604645,0.22857144474983215,0,1449,,,,,,,,,,,,,,,
1.4918391704559326,0.30000001192092896,0.09000000357627869,0.30000001192092896,0.13846154510974884,0,1499,,,,,,,,,,,,,,,
1.7151800394058228,0.10000000149011612,0.009999999776482582,0.10000000149011612,0.01818181946873665,0,1549,,,,,,,,,,,,,,,
1.9175384044647217,0.30000001192092896,0.09000000357627869,0.30000001192092896,0.13846154510974884,0,1599,,,,,,,,,,,,,,,
1.4274479150772095,0.4000000059604645,0.1599999964237213,0.4000000059604645,0.22857144474983215,0,1649,,,,,,,,,,,,,,,
1.5330657958984375,0.20000000298023224,0.03999999910593033,0.20000000298023224,0.06666667014360428,0,1699,,,,,,,,,,,,,,,
1.365153431892395,0.5,0.25,0.5,0.3333333432674408,0,1749,,,,,,,,,,,,,,,
1.452664852142334,0.30000001192092896,0.09000000357627869,0.30000001192092896,0.13846154510974884,0,1799,,,,,,,,,,,,,,,
1.5673561096191406,0.699999988079071,0.49000000953674316,0.699999988079071,0.5764706134796143,0,1849,,,,,,,,,,,,,,,
1.6121524572372437,0.20000000298023224,0.03999999910593033,0.20000000298023224,0.06666667014360428,0,1899,,,,,,,,,,,,,,,
1.4602031707763672,0.30000001192092896,0.09000000357627869,0.30000001192092896,0.13846154510974884,0,1949,,,,,,,,,,,,,,,
1.4765161275863647,0.30000001192092896,0.09000000357627869,0.30000001192092896,0.13846154510974884,0,1999,,,,,,,,,,,,,,,
1.38420569896698,0.4000000059604645,0.1599999964237213,0.4000000059604645,0.22857144474983215,0,2049,,,,,,,,,,,,,,,
2.1860315799713135,0.0,0.0,0.0,0.0,0,2099,,,,,,,,,,,,,,,
1.4700736999511719,0.4000000059604645,0.1599999964237213,0.4000000059604645,0.22857144474983215,0,2149,,,,,,,,,,,,,,,
1.5759508609771729,0.20000000298023224,0.03999999910593033,0.20000000298023224,0.06666667014360428,0,2199,,,,,,,,,,,,,,,
1.4926306009292603,0.5,0.25,0.5,0.3333333432674408,0,2249,,,,,,,,,,,,,,,
1.621680498123169,0.5,0.25,0.5,0.3333333432674408,0,2299,,,,,,,,,,,,,,,
1.5284826755523682,0.5,0.25,0.5,0.3333333432674408,0,2349,,,,,,,,,,,,,,,
1.4984071254730225,0.5,0.25,0.5,0.3333333432674408,0,2399,,,,,,,,,,,,,,,
1.3789167404174805,0.4000000059604645,0.1599999964237213,0.4000000059604645,0.22857144474983215,0,2449,,,,,,,,,,,,,,,
1.7236833572387695,0.10000000149011612,0.009999999776482582,0.10000000149011612,0.01818181946873665,0,2499,,,,,,,,,,,,,,,
1.6294103860855103,0.20000000298023224,0.03999999910593033,0.20000000298023224,0.06666667014360428,0,2549,,,,,,,,,,,,,,,
1.8560116291046143,0.30000001192092896,0.09000000357627869,0.30000001192092896,0.13846154510974884,0,2599,,,,,,,,,,,,,,,
1.5220931768417358,0.20000000298023224,0.03999999910593033,0.20000000298023224,0.06666667014360428,0,2649,,,,,,,,,,,,,,,
1.353427529335022,0.4000000059604645,0.1599999964237213,0.4000000059604645,0.22857144474983215,0,2699,,,,,,,,,,,,,,,
1.6284167766571045,0.20000000298023224,0.03999999910593033,0.20000000298023224,0.06666667014360428,0,2749,,,,,,,,,,,,,,,
1.7952003479003906,0.5,0.25,0.5,0.3333333432674408,0,2799,,,,,,,,,,,,,,,
1.4284076690673828,0.4000000059604645,0.1599999964237213,0.4000000059604645,0.22857144474983215,0,2849,,,,,,,,,,,,,,,
1.5104732513427734,0.30000001192092896,0.09000000357627869,0.30000001192092896,0.13846154510974884,0,2899,,,,,,,,,,,,,,,
1.8910095691680908,0.10000000149011612,0.009999999776482582,0.10000000149011612,0.01818181946873665,0,2949,,,,,,,,,,,,,,,
,,,,,0,2985,1.662666916847229,0.32652580738067627,0.12711259722709656,0.32652580738067627,0.17888803780078888,,,,,,,,,,
,,,,,0,2985,,,,,,1.6345144510269165,0.3296383023262024,0.14825837314128876,0.3296383023262024,0.19259662926197052,,,,,
1.9280147552490234,0.5,0.25,0.5,0.3333333432674408,1,2999,,,,,,,,,,,,,,,
1.8618158102035522,0.0,0.0,0.0,0.0,1,3049,,,,,,,,,,,,,,,
1.4902417659759521,0.30000001192092896,0.09000000357627869,0.30000001192092896,0.13846154510974884,1,3099,,,,,,,,,,,,,,,
1.9068998098373413,0.20000000298023224,0.03999999910593033,0.20000000298023224,0.06666667014360428,1,3149,,,,,,,,,,,,,,,
1.6615968942642212,0.0,0.0,0.0,0.0,1,3199,,,,,,,,,,,,,,,
1.4084635972976685,0.4000000059604645,0.1599999964237213,0.4000000059604645,0.22857144474983215,1,3249,,,,,,,,,,,,,,,
1.6433881521224976,0.10000000149011612,0.009999999776482582,0.10000000149011612,0.01818181946873665,1,3299,,,,,,,,,,,,,,,
1.6519496440887451,0.30000001192092896,0.09000000357627869,0.30000001192092896,0.13846154510974884,1,3349,,,,,,,,,,,,,,,
1.4791932106018066,0.20000000298023224,0.03999999910593033,0.20000000298023224,0.06666667014360428,1,3399,,,,,,,,,,,,,,,
2.200655698776245,0.0,0.0,0.0,0.0,1,3449,,,,,,,,,,,,,,,
1.3485000133514404,0.5,0.25,0.5,0.3333333432674408,1,3499,,,,,,,,,,,,,,,
1.7565513849258423,0.30000001192092896,0.09000000357627869,0.30000001192092896,0.13846154510974884,1,3549,,,,,,,,,,,,,,,
1.7898309230804443,0.30000001192092896,0.09000000357627869,0.30000001192092896,0.13846154510974884,1,3599,,,,,,,,,,,,,,,
1.6011114120483398,0.30000001192092896,0.09000000357627869,0.30000001192092896,0.13846154510974884,1,3649,,,,,,,,,,,,,,,
1.6613132953643799,0.20000000298023224,0.03999999910593033,0.20000000298023224,0.06666667014360428,1,3699,,,,,,,,,,,,,,,
1.7779109477996826,0.0,0.0,0.0,0.0,1,3749,,,,,,,,,,,,,,,
1.4327784776687622,0.6000000238418579,0.36000001430511475,0.6000000238418579,0.44999998807907104,1,3799,,,,,,,,,,,,,,,
1.360783576965332,0.5,0.25,0.5,0.3333333432674408,1,3849,,,,,,,,,,,,,,,
1.4996106624603271,0.30000001192092896,0.09000000357627869,0.30000001192092896,0.13846154510974884,1,3899,,,,,,,,,,,,,,,
1.478475570678711,0.5,0.25,0.5,0.3333333432674408,1,3949,,,,,,,,,,,,,,,
1.5995094776153564,0.4000000059604645,0.1599999964237213,0.4000000059604645,0.22857144474983215,1,3999,,,,,,,,,,,,,,,
1.4682484865188599,0.30000001192092896,0.09000000357627869,0.30000001192092896,0.13846154510974884,1,4049,,,,,,,,,,,,,,,
1.6837120056152344,0.30000001192092896,0.09000000357627869,0.30000001192092896,0.13846154510974884,1,4099,,,,,,,,,,,,,,,
2.182828903198242,0.20000000298023224,0.03999999910593033,0.20000000298023224,0.06666667014360428,1,4149,,,,,,,,,,,,,,,
1.6629009246826172,0.30000001192092896,0.09000000357627869,0.30000001192092896,0.13846154510974884,1,4199,,,,,,,,,,,,,,,
1.5008714199066162,0.4000000059604645,0.1599999964237213,0.4000000059604645,0.22857144474983215,1,4249,,,,,,,,,,,,,,,
2.0815184116363525,0.10000000149011612,0.009999999776482582,0.10000000149011612,0.01818181946873665,1,4299,,,,,,,,,,,,,,,
2.1248276233673096,0.30000001192092896,0.09000000357627869,0.30000001192092896,0.13846154510974884,1,4349,,,,,,,,,,,,,,,
1.378974199295044,0.6000000238418579,0.36000001430511475,0.6000000238418579,0.44999998807907104,1,4399,,,,,,,,,,,,,,,
1.464514970779419,0.30000001192092896,0.09000000357627869,0.30000001192092896,0.13846154510974884,1,4449,,,,,,,,,,,,,,,
1.4370136260986328,0.4000000059604645,0.1599999964237213,0.4000000059604645,0.22857144474983215,1,4499,,,,,,,,,,,,,,,
1.7741973400115967,0.4000000059604645,0.1599999964237213,0.4000000059604645,0.22857144474983215,1,4549,,,,,,,,,,,,,,,
1.3117079734802246,0.699999988079071,0.49000000953674316,0.699999988079071,0.5764706134796143,1,4599,,,,,,,,,,,,,,,
1.5565197467803955,0.20000000298023224,0.03999999910593033,0.20000000298023224,0.06666667014360428,1,4649,,,,,,,,,,,,,,,
1.5277321338653564,0.30000001192092896,0.09000000357627869,0.30000001192092896,0.13846154510974884,1,4699,,,,,,,,,,,,,,,
1.537553071975708,0.20000000298023224,0.03999999910593033,0.20000000298023224,0.06666667014360428,1,4749,,,,,,,,,,,,,,,
1.449350118637085,0.30000001192092896,0.09000000357627869,0.30000001192092896,0.13846154510974884,1,4799,,,,,,,,,,,,,,,
1.3175896406173706,0.6000000238418579,0.36000001430511475,0.6000000238418579,0.44999998807907104,1,4849,,,,,,,,,,,,,,,
2.1035141944885254,0.10000000149011612,0.009999999776482582,0.10000000149011612,0.01818181946873665,1,4899,,,,,,,,,,,,,,,
1.590733289718628,0.30000001192092896,0.09000000357627869,0.30000001192092896,0.13846154510974884,1,4949,,,,,,,,,,,,,,,
1.6084213256835938,0.10000000149011612,0.009999999776482582,0.10000000149011612,0.01818181946873665,1,4999,,,,,,,,,,,,,,,
1.771751046180725,0.30000001192092896,0.09000000357627869,0.30000001192092896,0.13846154510974884,1,5049,,,,,,,,,,,,,,,
1.7339595556259155,0.20000000298023224,0.03999999910593033,0.20000000298023224,0.06666667014360428,1,5099,,,,,,,,,,,,,,,
1.443472146987915,0.4000000059604645,0.1599999964237213,0.4000000059604645,0.22857144474983215,1,5149,,,,,,,,,,,,,,,
1.3909003734588623,0.5,0.25,0.5,0.3333333432674408,1,5199,,,,,,,,,,,,,,,
1.529296636581421,0.4000000059604645,0.1599999964237213,0.4000000059604645,0.22857144474983215,1,5249,,,,,,,,,,,,,,,
1.4288727045059204,0.5,0.25,0.5,0.3333333432674408,1,5299,,,,,,,,,,,,,,,
1.4168565273284912,0.4000000059604645,0.1599999964237213,0.4000000059604645,0.22857144474983215,1,5349,,,,,,,,,,,,,,,
1.594616413116455,0.6000000238418579,0.36000001430511475,0.6000000238418579,0.44999998807907104,1,5399,,,,,,,,,,,,,,,
1.4632118940353394,0.30000001192092896,0.09000000357627869,0.30000001192092896,0.13846154510974884,1,5449,,,,,,,,,,,,,,,
1.457449197769165,0.30000001192092896,0.09000000357627869,0.30000001192092896,0.13846154510974884,1,5499,,,,,,,,,,,,,,,
1.8498132228851318,0.10000000149011612,0.009999999776482582,0.10000000149011612,0.01818181946873665,1,5549,,,,,,,,,,,,,,,
1.6132361888885498,0.30000001192092896,0.09000000357627869,0.30000001192092896,0.13846154510974884,1,5599,,,,,,,,,,,,,,,
2.225430965423584,0.10000000149011612,0.009999999776482582,0.10000000149011612,0.01818181946873665,1,5649,,,,,,,,,,,,,,,
1.3797351121902466,0.4000000059604645,0.1599999964237213,0.4000000059604645,0.22857144474983215,1,5699,,,,,,,,,,,,,,,
1.3939846754074097,0.4000000059604645,0.1599999964237213,0.4000000059604645,0.22857144474983215,1,5749,,,,,,,,,,,,,,,
1.5440433025360107,0.4000000059604645,0.1599999964237213,0.4000000059604645,0.22857144474983215,1,5799,,,,,,,,,,,,,,,
1.3230494260787964,0.6000000238418579,0.36000001430511475,0.6000000238418579,0.44999998807907104,1,5849,,,,,,,,,,,,,,,
1.5312451124191284,0.20000000298023224,0.03999999910593033,0.20000000298023224,0.06666667014360428,1,5899,,,,,,,,,,,,,,,
1.7129414081573486,0.30000001192092896,0.09000000357627869,0.30000001192092896,0.13846154510974884,1,5949,,,,,,,,,,,,,,,
,,,,,1,5971,1.6605890989303589,0.32652580738067627,0.12711259722709656,0.32652580738067627,0.17888803780078888,,,,,,,,,,
,,,,,1,5971,,,,,,1.6323422193527222,0.3327193558216095,0.13285624980926514,0.3327193558216095,0.18511293828487396,,,,,
1.5782006978988647,0.30000001192092896,0.09000000357627869,0.30000001192092896,0.13846154510974884,2,5999,,,,,,,,,,,,,,,
1.5989646911621094,0.4000000059604645,0.1599999964237213,0.4000000059604645,0.22857144474983215,2,6049,,,,,,,,,,,,,,,
1.9769563674926758,0.30000001192092896,0.09000000357627869,0.30000001192092896,0.13846154510974884,2,6099,,,,,,,,,,,,,,,
2.03662109375,0.20000000298023224,0.03999999910593033,0.20000000298023224,0.06666667014360428,2,6149,,,,,,,,,,,,,,,
1.905147910118103,0.20000000298023224,0.03999999910593033,0.20000000298023224,0.06666667014360428,2,6199,,,,,,,,,,,,,,,
1.4273799657821655,0.30000001192092896,0.09000000357627869,0.30000001192092896,0.13846154510974884,2,6249,,,,,,,,,,,,,,,
1.5079562664031982,0.30000001192092896,0.09000000357627869,0.30000001192092896,0.13846154510974884,2,6299,,,,,,,,,,,,,,,
1.7778733968734741,0.30000001192092896,0.09000000357627869,0.30000001192092896,0.13846154510974884,2,6349,,,,,,,,,,,,,,,
1.5684471130371094,0.20000000298023224,0.03999999910593033,0.20000000298023224,0.06666667014360428,2,6399,,,,,,,,,,,,,,,
1.456208348274231,0.30000001192092896,0.09000000357627869,0.30000001192092896,0.13846154510974884,2,6449,,,,,,,,,,,,,,,
1.6632378101348877,0.20000000298023224,0.03999999910593033,0.20000000298023224,0.06666667014360428,2,6499,,,,,,,,,,,,,,,
1.7094666957855225,0.20000000298023224,0.03999999910593033,0.20000000298023224,0.06666667014360428,2,6549,,,,,,,,,,,,,,,
1.7512691020965576,0.0,0.0,0.0,0.0,2,6599,,,,,,,,,,,,,,,
1.6888424158096313,0.20000000298023224,0.03999999910593033,0.20000000298023224,0.06666667014360428,2,6649,,,,,,,,,,,,,,,
1.9569909572601318,0.10000000149011612,0.009999999776482582,0.10000000149011612,0.01818181946873665,2,6699,,,,,,,,,,,,,,,
2.236333131790161,0.4000000059604645,0.1599999964237213,0.4000000059604645,0.22857144474983215,2,6749,,,,,,,,,,,,,,,
1.585449457168579,0.4000000059604645,0.1599999964237213,0.4000000059604645,0.22857144474983215,2,6799,,,,,,,,,,,,,,,
1.8541542291641235,0.30000001192092896,0.09000000357627869,0.30000001192092896,0.13846154510974884,2,6849,,,,,,,,,,,,,,,
1.594905138015747,0.4000000059604645,0.1599999964237213,0.4000000059604645,0.22857144474983215,2,6899,,,,,,,,,,,,,,,
1.8661339282989502,0.10000000149011612,0.009999999776482582,0.10000000149011612,0.01818181946873665,2,6949,,,,,,,,,,,,,,,
1.8883739709854126,0.4000000059604645,0.1599999964237213,0.4000000059604645,0.22857144474983215,2,6999,,,,,,,,,,,,,,,
1.3837037086486816,0.5,0.25,0.5,0.3333333432674408,2,7049,,,,,,,,,,,,,,,
1.6255296468734741,0.30000001192092896,0.09000000357627869,0.30000001192092896,0.13846154510974884,2,7099,,,,,,,,,,,,,,,
1.9389934539794922,0.30000001192092896,0.09000000357627869,0.30000001192092896,0.13846154510974884,2,7149,,,,,,,,,,,,,,,
1.5828590393066406,0.4000000059604645,0.1599999964237213,0.4000000059604645,0.22857144474983215,2,7199,,,,,,,,,,,,,,,
1.3901698589324951,0.4000000059604645,0.1599999964237213,0.4000000059604645,0.22857144474983215,2,7249,,,,,,,,,,,,,,,
1.6815773248672485,0.20000000298023224,0.03999999910593033,0.20000000298023224,0.06666667014360428,2,7299,,,,,,,,,,,,,,,
1.6944621801376343,0.4000000059604645,0.1599999964237213,0.4000000059604645,0.22857144474983215,2,7349,,,,,,,,,,,,,,,
1.5542255640029907,0.10000000149011612,0.009999999776482582,0.10000000149011612,0.01818181946873665,2,7399,,,,,,,,,,,,,,,
1.3564302921295166,0.5,0.25,0.5,0.3333333432674408,2,7449,,,,,,,,,,,,,,,
1.8836843967437744,0.20000000298023224,0.03999999910593033,0.20000000298023224,0.06666667014360428,2,7499,,,,,,,,,,,,,,,
1.6523250341415405,0.30000001192092896,0.09000000357627869,0.30000001192092896,0.13846154510974884,2,7549,,,,,,,,,,,,,,,
1.9574792385101318,0.20000000298023224,0.03999999910593033,0.20000000298023224,0.06666667014360428,2,7599,,,,,,,,,,,,,,,
1.7347854375839233,0.4000000059604645,0.1599999964237213,0.4000000059604645,0.22857144474983215,2,7649,,,,,,,,,,,,,,,
2.3804497718811035,0.10000000149011612,0.009999999776482582,0.10000000149011612,0.01818181946873665,2,7699,,,,,,,,,,,,,,,
1.4739876985549927,0.4000000059604645,0.1599999964237213,0.4000000059604645,0.22857144474983215,2,7749,,,,,,,,,,,,,,,
1.8101907968521118,0.20000000298023224,0.03999999910593033,0.20000000298023224,0.06666667014360428,2,7799,,,,,,,,,,,,,,,
1.5568922758102417,0.5,0.25,0.5,0.3333333432674408,2,7849,,,,,,,,,,,,,,,
1.514557123184204,0.20000000298023224,0.03999999910593033,0.20000000298023224,0.06666667014360428,2,7899,,,,,,,,,,,,,,,
1.5464938879013062,0.20000000298023224,0.03999999910593033,0.20000000298023224,0.06666667014360428,2,7949,,,,,,,,,,,,,,,
1.4696645736694336,0.30000001192092896,0.09000000357627869,0.30000001192092896,0.13846154510974884,2,7999,,,,,,,,,,,,,,,
1.8035808801651,0.30000001192092896,0.09000000357627869,0.30000001192092896,0.13846154510974884,2,8049,,,,,,,,,,,,,,,
1.3405859470367432,0.5,0.25,0.5,0.3333333432674408,2,8099,,,,,,,,,,,,,,,
1.696341872215271,0.20000000298023224,0.03999999910593033,0.20000000298023224,0.06666667014360428,2,8149,,,,,,,,,,,,,,,
1.625942587852478,0.30000001192092896,0.09000000357627869,0.30000001192092896,0.13846154510974884,2,8199,,,,,,,,,,,,,,,
1.5186210870742798,0.20000000298023224,0.03999999910593033,0.20000000298023224,0.06666667014360428,2,8249,,,,,,,,,,,,,,,
1.2948436737060547,0.6000000238418579,0.36000001430511475,0.6000000238418579,0.44999998807907104,2,8299,,,,,,,,,,,,,,,
1.2966654300689697,0.6000000238418579,0.36000001430511475,0.6000000238418579,0.44999998807907104,2,8349,,,,,,,,,,,,,,,
1.2932724952697754,0.6000000238418579,0.36000001430511475,0.6000000238418579,0.44999998807907104,2,8399,,,,,,,,,,,,,,,
1.4847053289413452,0.5,0.25,0.5,0.3333333432674408,2,8449,,,,,,,,,,,,,,,
1.2596521377563477,0.699999988079071,0.49000000953674316,0.699999988079071,0.5764706134796143,2,8499,,,,,,,,,,,,,,,
1.408698320388794,0.4000000059604645,0.1599999964237213,0.4000000059604645,0.22857144474983215,2,8549,,,,,,,,,,,,,,,
1.621728539466858,0.30000001192092896,0.09000000357627869,0.30000001192092896,0.13846154510974884,2,8599,,,,,,,,,,,,,,,
1.4867589473724365,0.6000000238418579,0.36000001430511475,0.6000000238418579,0.44999998807907104,2,8649,,,,,,,,,,,,,,,
2.2790563106536865,0.30000001192092896,0.09000000357627869,0.30000001192092896,0.13846154510974884,2,8699,,,,,,,,,,,,,,,
1.687909483909607,0.10000000149011612,0.009999999776482582,0.10000000149011612,0.01818181946873665,2,8749,,,,,,,,,,,,,,,
1.6529762744903564,0.6000000238418579,0.36000001430511475,0.6000000238418579,0.44999998807907104,2,8799,,,,,,,,,,,,,,,
1.738750696182251,0.4000000059604645,0.1599999964237213,0.4000000059604645,0.22857144474983215,2,8849,,,,,,,,,,,,,,,
1.724539041519165,0.4000000059604645,0.1599999964237213,0.4000000059604645,0.22857144474983215,2,8899,,,,,,,,,,,,,,,
1.8145679235458374,0.10000000149011612,0.009999999776482582,0.10000000149011612,0.01818181946873665,2,8949,,,,,,,,,,,,,,,
,,,,,2,8957,1.6606827974319458,0.32652580738067627,0.12711259722709656,0.32652580738067627,0.17888803780078888,,,,,,,,,,
,,,,,2,8957,,,,,,1.6314107179641724,0.3327193558216095,0.13285624980926514,0.3327193558216095,0.18511293828487396,,,,,
1.8214423656463623,0.30000001192092896,0.09000000357627869,0.30000001192092896,0.13846154510974884,3,8999,,,,,,,,,,,,,,,
1.4500826597213745,0.30000001192092896,0.09000000357627869,0.30000001192092896,0.13846154510974884,3,9049,,,,,,,,,,,,,,,
1.553758978843689,0.5,0.25,0.5,0.3333333432674408,3,9099,,,,,,,,,,,,,,,
1.238296389579773,0.800000011920929,0.6399999856948853,0.800000011920929,0.7111111283302307,3,9149,,,,,,,,,,,,,,,
1.5908610820770264,0.30000001192092896,0.09000000357627869,0.30000001192092896,0.13846154510974884,3,9199,,,,,,,,,,,,,,,
1.8392750024795532,0.20000000298023224,0.03999999910593033,0.20000000298023224,0.06666667014360428,3,9249,,,,,,,,,,,,,,,
1.4671766757965088,0.30000001192092896,0.09000000357627869,0.30000001192092896,0.13846154510974884,3,9299,,,,,,,,,,,,,,,
1.9378846883773804,0.20000000298023224,0.03999999910593033,0.20000000298023224,0.06666667014360428,3,9349,,,,,,,,,,,,,,,
1.380784511566162,0.5,0.25,0.5,0.3333333432674408,3,9399,,,,,,,,,,,,,,,
1.41423761844635,0.5,0.25,0.5,0.3333333432674408,3,9449,,,,,,,,,,,,,,,
1.4410107135772705,0.4000000059604645,0.1599999964237213,0.4000000059604645,0.22857144474983215,3,9499,,,,,,,,,,,,,,,
1.4968905448913574,0.30000001192092896,0.09000000357627869,0.30000001192092896,0.13846154510974884,3,9549,,,,,,,,,,,,,,,
1.6549813747406006,0.20000000298023224,0.03999999910593033,0.20000000298023224,0.06666667014360428,3,9599,,,,,,,,,,,,,,,
1.7098214626312256,0.10000000149011612,0.009999999776482582,0.10000000149011612,0.01818181946873665,3,9649,,,,,,,,,,,,,,,
1.664228081703186,0.20000000298023224,0.03999999910593033,0.20000000298023224,0.06666667014360428,3,9699,,,,,,,,,,,,,,,
1.4735218286514282,0.30000001192092896,0.09000000357627869,0.30000001192092896,0.13846154510974884,3,9749,,,,,,,,,,,,,,,
1.5838696956634521,0.5,0.25,0.5,0.3333333432674408,3,9799,,,,,,,,,,,,,,,
1.8478076457977295,0.20000000298023224,0.03999999910593033,0.20000000298023224,0.06666667014360428,3,9849,,,,,,,,,,,,,,,
1.5826841592788696,0.30000001192092896,0.09000000357627869,0.30000001192092896,0.13846154510974884,3,9899,,,,,,,,,,,,,,,
1.6210591793060303,0.30000001192092896,0.09000000357627869,0.30000001192092896,0.13846154510974884,3,9949,,,,,,,,,,,,,,,
1.895723581314087,0.10000000149011612,0.009999999776482582,0.10000000149011612,0.01818181946873665,3,9999,,,,,,,,,,,,,,,
1.9466499090194702,0.20000000298023224,0.03999999910593033,0.20000000298023224,0.06666667014360428,3,10049,,,,,,,,,,,,,,,
1.4485065937042236,0.4000000059604645,0.1599999964237213,0.4000000059604645,0.22857144474983215,3,10099,,,,,,,,,,,,,,,
1.4464569091796875,0.4000000059604645,0.1599999964237213,0.4000000059604645,0.22857144474983215,3,10149,,,,,,,,,,,,,,,
1.3033660650253296,0.6000000238418579,0.36000001430511475,0.6000000238418579,0.44999998807907104,3,10199,,,,,,,,,,,,,,,
2.1582093238830566,0.10000000149011612,0.009999999776482582,0.10000000149011612,0.01818181946873665,3,10249,,,,,,,,,,,,,,,
1.534208059310913,0.6000000238418579,0.36000001430511475,0.6000000238418579,0.44999998807907104,3,10299,,,,,,,,,,,,,,,
1.493269443511963,0.30000001192092896,0.09000000357627869,0.30000001192092896,0.13846154510974884,3,10349,,,,,,,,,,,,,,,
1.5785768032073975,0.4000000059604645,0.1599999964237213,0.4000000059604645,0.22857144474983215,3,10399,,,,,,,,,,,,,,,
1.6939945220947266,0.20000000298023224,0.03999999910593033,0.20000000298023224,0.06666667014360428,3,10449,,,,,,,,,,,,,,,
1.6736624240875244,0.20000000298023224,0.03999999910593033,0.20000000298023224,0.06666667014360428,3,10499,,,,,,,,,,,,,,,
1.8761892318725586,0.10000000149011612,0.009999999776482582,0.10000000149011612,0.01818181946873665,3,10549,,,,,,,,,,,,,,,
2.0430688858032227,0.20000000298023224,0.03999999910593033,0.20000000298023224,0.06666667014360428,3,10599,,,,,,,,,,,,,,,
1.371955156326294,0.5,0.25,0.5,0.3333333432674408,3,10649,,,,,,,,,,,,,,,
1.5530116558074951,0.20000000298023224,0.03999999910593033,0.20000000298023224,0.06666667014360428,3,10699,,,,,,,,,,,,,,,
1.685800552368164,0.20000000298023224,0.03999999910593033,0.20000000298023224,0.06666667014360428,3,10749,,,,,,,,,,,,,,,
1.6874549388885498,0.0,0.0,0.0,0.0,3,10799,,,,,,,,,,,,,,,
1.6988493204116821,0.0,0.0,0.0,0.0,3,10849,,,,,,,,,,,,,,,
1.5877243280410767,0.699999988079071,0.49000000953674316,0.699999988079071,0.5764706134796143,3,10899,,,,,,,,,,,,,,,
1.7089954614639282,0.20000000298023224,0.03999999910593033,0.20000000298023224,0.06666667014360428,3,10949,,,,,,,,,,,,,,,
1.4400452375411987,0.30000001192092896,0.09000000357627869,0.30000001192092896,0.13846154510974884,3,10999,,,,,,,,,,,,,,,
1.7869417667388916,0.30000001192092896,0.09000000357627869,0.30000001192092896,0.13846154510974884,3,11049,,,,,,,,,,,,,,,
1.6660133600234985,0.30000001192092896,0.09000000357627869,0.30000001192092896,0.13846154510974884,3,11099,,,,,,,,,,,,,,,
1.5207666158676147,0.20000000298023224,0.03999999910593033,0.20000000298023224,0.06666667014360428,3,11149,,,,,,,,,,,,,,,
1.8220112323760986,0.4000000059604645,0.1599999964237213,0.4000000059604645,0.22857144474983215,3,11199,,,,,,,,,,,,,,,
1.887139081954956,0.4000000059604645,0.1599999964237213,0.4000000059604645,0.22857144474983215,3,11249,,,,,,,,,,,,,,,
1.497331976890564,0.4000000059604645,0.1599999964237213,0.4000000059604645,0.22857144474983215,3,11299,,,,,,,,,,,,,,,
1.8639366626739502,0.20000000298023224,0.03999999910593033,0.20000000298023224,0.06666667014360428,3,11349,,,,,,,,,,,,,,,
1.7540754079818726,0.4000000059604645,0.1599999964237213,0.4000000059604645,0.22857144474983215,3,11399,,,,,,,,,,,,,,,
1.7334871292114258,0.30000001192092896,0.09000000357627869,0.30000001192092896,0.13846154510974884,3,11449,,,,,,,,,,,,,,,
1.6719661951065063,0.20000000298023224,0.03999999910593033,0.20000000298023224,0.06666667014360428,3,11499,,,,,,,,,,,,,,,
1.7289469242095947,0.20000000298023224,0.03999999910593033,0.20000000298023224,0.06666667014360428,3,11549,,,,,,,,,,,,,,,
1.4962220191955566,0.20000000298023224,0.03999999910593033,0.20000000298023224,0.06666667014360428,3,11599,,,,,,,,,,,,,,,
1.5771671533584595,0.5,0.25,0.5,0.3333333432674408,3,11649,,,,,,,,,,,,,,,
1.986798882484436,0.20000000298023224,0.03999999910593033,0.20000000298023224,0.06666667014360428,3,11699,,,,,,,,,,,,,,,
1.5857465267181396,0.4000000059604645,0.1599999964237213,0.4000000059604645,0.22857144474983215,3,11749,,,,,,,,,,,,,,,
1.5532011985778809,0.20000000298023224,0.03999999910593033,0.20000000298023224,0.06666667014360428,3,11799,,,,,,,,,,,,,,,
1.4096572399139404,0.4000000059604645,0.1599999964237213,0.4000000059604645,0.22857144474983215,3,11849,,,,,,,,,,,,,,,
1.7954527139663696,0.4000000059604645,0.1599999964237213,0.4000000059604645,0.22857144474983215,3,11899,,,,,,,,,,,,,,,
,,,,,3,11943,1.6604506969451904,0.32652580738067627,0.12711259722709656,0.32652580738067627,0.17888803780078888,,,,,,,,,,
,,,,,3,11943,,,,,,1.632964849472046,0.33228400349617004,0.1326691061258316,0.33228400349617004,0.1848207265138626,,,,,
1.4627835750579834,0.5,0.25,0.5,0.3333333432674408,4,11949,,,,,,,,,,,,,,,
1.4676506519317627,0.30000001192092896,0.09000000357627869,0.30000001192092896,0.13846154510974884,4,11999,,,,,,,,,,,,,,,
1.9816735982894897,0.20000000298023224,0.03999999910593033,0.20000000298023224,0.06666667014360428,4,12049,,,,,,,,,,,,,,,
1.2432634830474854,0.699999988079071,0.49000000953674316,0.699999988079071,0.5764706134796143,4,12099,,,,,,,,,,,,,,,
1.8274122476577759,0.30000001192092896,0.09000000357627869,0.30000001192092896,0.13846154510974884,4,12149,,,,,,,,,,,,,,,
1.745462417602539,0.30000001192092896,0.09000000357627869,0.30000001192092896,0.13846154510974884,4,12199,,,,,,,,,,,,,,,
1.6097090244293213,0.20000000298023224,0.03999999910593033,0.20000000298023224,0.06666667014360428,4,12249,,,,,,,,,,,,,,,
1.977181077003479,0.4000000059604645,0.1599999964237213,0.4000000059604645,0.22857144474983215,4,12299,,,,,,,,,,,,,,,
1.503497838973999,0.30000001192092896,0.09000000357627869,0.30000001192092896,0.13846154510974884,4,12349,,,,,,,,,,,,,,,
1.78176748752594,0.30000001192092896,0.09000000357627869,0.30000001192092896,0.13846154510974884,4,12399,,,,,,,,,,,,,,,
1.5543004274368286,0.5,0.25,0.5,0.3333333432674408,4,12449,,,,,,,,,,,,,,,
1.495112657546997,0.30000001192092896,0.09000000357627869,0.30000001192092896,0.13846154510974884,4,12499,,,,,,,,,,,,,,,
1.5113141536712646,0.30000001192092896,0.09000000357627869,0.30000001192092896,0.13846154510974884,4,12549,,,,,,,,,,,,,,,
1.6070787906646729,0.10000000149011612,0.009999999776482582,0.10000000149011612,0.01818181946873665,4,12599,,,,,,,,,,,,,,,
1.4112682342529297,0.4000000059604645,0.1599999964237213,0.4000000059604645,0.22857144474983215,4,12649,,,,,,,,,,,,,,,
1.6102746725082397,0.30000001192092896,0.09000000357627869,0.30000001192092896,0.13846154510974884,4,12699,,,,,,,,,,,,,,,
1.4631097316741943,0.4000000059604645,0.1599999964237213,0.4000000059604645,0.22857144474983215,4,12749,,,,,,,,,,,,,,,
1.5772132873535156,0.4000000059604645,0.1599999964237213,0.4000000059604645,0.22857144474983215,4,12799,,,,,,,,,,,,,,,
1.4187182188034058,0.4000000059604645,0.1599999964237213,0.4000000059604645,0.22857144474983215,4,12849,,,,,,,,,,,,,,,
1.3071094751358032,0.6000000238418579,0.36000001430511475,0.6000000238418579,0.44999998807907104,4,12899,,,,,,,,,,,,,,,
1.629678726196289,0.30000001192092896,0.09000000357627869,0.30000001192092896,0.13846154510974884,4,12949,,,,,,,,,,,,,,,
1.5550391674041748,0.4000000059604645,0.1599999964237213,0.4000000059604645,0.22857144474983215,4,12999,,,,,,,,,,,,,,,
1.5032073259353638,0.5,0.25,0.5,0.3333333432674408,4,13049,,,,,,,,,,,,,,,
1.663935661315918,0.30000001192092896,0.09000000357627869,0.30000001192092896,0.13846154510974884,4,13099,,,,,,,,,,,,,,,
1.8161602020263672,0.30000001192092896,0.09000000357627869,0.30000001192092896,0.13846154510974884,4,13149,,,,,,,,,,,,,,,
1.557135820388794,0.20000000298023224,0.03999999910593033,0.20000000298023224,0.06666667014360428,4,13199,,,,,,,,,,,,,,,
1.4895621538162231,0.30000001192092896,0.09000000357627869,0.30000001192092896,0.13846154510974884,4,13249,,,,,,,,,,,,,,,
1.504302978515625,0.30000001192092896,0.09000000357627869,0.30000001192092896,0.13846154510974884,4,13299,,,,,,,,,,,,,,,
1.5026631355285645,0.6000000238418579,0.36000001430511475,0.6000000238418579,0.44999998807907104,4,13349,,,,,,,,,,,,,,,
1.4696749448776245,0.30000001192092896,0.09000000357627869,0.30000001192092896,0.13846154510974884,4,13399,,,,,,,,,,,,,,,
1.3752659559249878,0.5,0.25,0.5,0.3333333432674408,4,13449,,,,,,,,,,,,,,,
1.7809432744979858,0.30000001192092896,0.09000000357627869,0.30000001192092896,0.13846154510974884,4,13499,,,,,,,,,,,,,,,
1.7665971517562866,0.30000001192092896,0.09000000357627869,0.30000001192092896,0.13846154510974884,4,13549,,,,,,,,,,,,,,,
1.517014741897583,0.5,0.25,0.5,0.3333333432674408,4,13599,,,,,,,,,,,,,,,
1.4529764652252197,0.30000001192092896,0.09000000357627869,0.30000001192092896,0.13846154510974884,4,13649,,,,,,,,,,,,,,,
1.5508060455322266,0.5,0.25,0.5,0.3333333432674408,4,13699,,,,,,,,,,,,,,,
1.899566888809204,0.10000000149011612,0.009999999776482582,0.10000000149011612,0.01818181946873665,4,13749,,,,,,,,,,,,,,,
2.305062770843506,0.30000001192092896,0.09000000357627869,0.30000001192092896,0.13846154510974884,4,13799,,,,,,,,,,,,,,,
1.3702179193496704,0.5,0.25,0.5,0.3333333432674408,4,13849,,,,,,,,,,,,,,,
1.492108941078186,0.30000001192092896,0.09000000357627869,0.30000001192092896,0.13846154510974884,4,13899,,,,,,,,,,,,,,,
1.4182956218719482,0.4000000059604645,0.1599999964237213,0.4000000059604645,0.22857144474983215,4,13949,,,,,,,,,,,,,,,
1.402808666229248,0.4000000059604645,0.1599999964237213,0.4000000059604645,0.22857144474983215,4,13999,,,,,,,,,,,,,,,
1.3501783609390259,0.5,0.25,0.5,0.3333333432674408,4,14049,,,,,,,,,,,,,,,
1.513105034828186,0.20000000298023224,0.03999999910593033,0.20000000298023224,0.06666667014360428,4,14099,,,,,,,,,,,,,,,
1.2724976539611816,0.699999988079071,0.49000000953674316,0.699999988079071,0.5764706134796143,4,14149,,,,,,,,,,,,,,,
1.8489673137664795,0.30000001192092896,0.09000000357627869,0.30000001192092896,0.13846154510974884,4,14199,,,,,,,,,,,,,,,
1.5442169904708862,0.20000000298023224,0.03999999910593033,0.20000000298023224,0.06666667014360428,4,14249,,,,,,,,,,,,,,,
1.517732858657837,0.5,0.25,0.5,0.3333333432674408,4,14299,,,,,,,,,,,,,,,
1.3795675039291382,0.5,0.25,0.5,0.3333333432674408,4,14349,,,,,,,,,,,,,,,
1.6570059061050415,0.20000000298023224,0.03999999910593033,0.20000000298023224,0.06666667014360428,4,14399,,,,,,,,,,,,,,,
1.712435007095337,0.4000000059604645,0.1599999964237213,0.4000000059604645,0.22857144474983215,4,14449,,,,,,,,,,,,,,,
1.5039829015731812,0.6000000238418579,0.36000001430511475,0.6000000238418579,0.44999998807907104,4,14499,,,,,,,,,,,,,,,
1.798905372619629,0.5,0.25,0.5,0.3333333432674408,4,14549,,,,,,,,,,,,,,,
1.7697827816009521,0.10000000149011612,0.009999999776482582,0.10000000149011612,0.01818181946873665,4,14599,,,,,,,,,,,,,,,
1.530139684677124,0.20000000298023224,0.03999999910593033,0.20000000298023224,0.06666667014360428,4,14649,,,,,,,,,,,,,,,
1.712794303894043,0.5,0.25,0.5,0.3333333432674408,4,14699,,,,,,,,,,,,,,,
2.0423531532287598,0.10000000149011612,0.009999999776482582,0.10000000149011612,0.01818181946873665,4,14749,,,,,,,,,,,,,,,
1.7788784503936768,0.4000000059604645,0.1599999964237213,0.4000000059604645,0.22857144474983215,4,14799,,,,,,,,,,,,,,,
1.9070184230804443,0.20000000298023224,0.03999999910593033,0.20000000298023224,0.06666667014360428,4,14849,,,,,,,,,,,,,,,
1.4723849296569824,0.30000001192092896,0.09000000357627869,0.30000001192092896,0.13846154510974884,4,14899,,,,,,,,,,,,,,,
,,,,,4,14929,1.6601805686950684,0.32652580738067627,0.12711259722709656,0.32652580738067627,0.17888803780078888,,,,,,,,,,
,,,,,4,14929,,,,,,1.631730318069458,0.3327193558216095,0.13285624980926514,0.3327193558216095,0.18511293828487396,,,,,
1.3667789697647095,0.5,0.25,0.5,0.3333333432674408,5,14949,,,,,,,,,,,,,,,
1.4922679662704468,0.30000001192092896,0.09000000357627869,0.30000001192092896,0.13846154510974884,5,14999,,,,,,,,,,,,,,,
1.3664000034332275,0.5,0.25,0.5,0.3333333432674408,5,15049,,,,,,,,,,,,,,,
1.6514009237289429,0.5,0.25,0.5,0.3333333432674408,5,15099,,,,,,,,,,,,,,,
1.4196269512176514,0.4000000059604645,0.1599999964237213,0.4000000059604645,0.22857144474983215,5,15149,,,,,,,,,,,,,,,
1.8006267547607422,0.20000000298023224,0.03999999910593033,0.20000000298023224,0.06666667014360428,5,15199,,,,,,,,,,,,,,,
1.5587331056594849,0.10000000149011612,0.009999999776482582,0.10000000149011612,0.01818181946873665,5,15249,,,,,,,,,,,,,,,
1.6826972961425781,0.20000000298023224,0.03999999910593033,0.20000000298023224,0.06666667014360428,5,15299,,,,,,,,,,,,,,,
1.6865730285644531,0.10000000149011612,0.009999999776482582,0.10000000149011612,0.01818181946873665,5,15349,,,,,,,,,,,,,,,
1.4392565488815308,0.4000000059604645,0.1599999964237213,0.4000000059604645,0.22857144474983215,5,15399,,,,,,,,,,,,,,,
1.6608073711395264,0.5,0.25,0.5,0.3333333432674408,5,15449,,,,,,,,,,,,,,,
1.525726079940796,0.20000000298023224,0.03999999910593033,0.20000000298023224,0.06666667014360428,5,15499,,,,,,,,,,,,,,,
1.5455554723739624,0.20000000298023224,0.03999999910593033,0.20000000298023224,0.06666667014360428,5,15549,,,,,,,,,,,,,,,
1.846797227859497,0.30000001192092896,0.09000000357627869,0.30000001192092896,0.13846154510974884,5,15599,,,,,,,,,,,,,,,
1.376159906387329,0.5,0.25,0.5,0.3333333432674408,5,15649,,,,,,,,,,,,,,,
1.6305456161499023,0.30000001192092896,0.09000000357627869,0.30000001192092896,0.13846154510974884,5,15699,,,,,,,,,,,,,,,
1.7009884119033813,0.20000000298023224,0.03999999910593033,0.20000000298023224,0.06666667014360428,5,15749,,,,,,,,,,,,,,,
1.6206600666046143,0.30000001192092896,0.09000000357627869,0.30000001192092896,0.13846154510974884,5,15799,,,,,,,,,,,,,,,
1.3399388790130615,0.5,0.25,0.5,0.3333333432674408,5,15849,,,,,,,,,,,,,,,
1.6617408990859985,0.5,0.25,0.5,0.3333333432674408,5,15899,,,,,,,,,,,,,,,
1.3260395526885986,0.6000000238418579,0.36000001430511475,0.6000000238418579,0.44999998807907104,5,15949,,,,,,,,,,,,,,,
1.556510329246521,0.4000000059604645,0.1599999964237213,0.4000000059604645,0.22857144474983215,5,15999,,,,,,,,,,,,,,,
1.3675059080123901,0.5,0.25,0.5,0.3333333432674408,5,16049,,,,,,,,,,,,,,,
1.5509755611419678,0.10000000149011612,0.009999999776482582,0.10000000149011612,0.01818181946873665,5,16099,,,,,,,,,,,,,,,
1.2962696552276611,0.699999988079071,0.49000000953674316,0.699999988079071,0.5764706134796143,5,16149,,,,,,,,,,,,,,,
1.7723430395126343,0.4000000059604645,0.1599999964237213,0.4000000059604645,0.22857144474983215,5,16199,,,,,,,,,,,,,,,
1.7176179885864258,0.30000001192092896,0.09000000357627869,0.30000001192092896,0.13846154510974884,5,16249,,,,,,,,,,,,,,,
1.3783161640167236,0.5,0.25,0.5,0.3333333432674408,5,16299,,,,,,,,,,,,,,,
1.9072685241699219,0.10000000149011612,0.009999999776482582,0.10000000149011612,0.01818181946873665,5,16349,,,,,,,,,,,,,,,
1.2998660802841187,0.699999988079071,0.49000000953674316,0.699999988079071,0.5764706134796143,5,16399,,,,,,,,,,,,,,,
1.5255980491638184,0.10000000149011612,0.009999999776482582,0.10000000149011612,0.01818181946873665,5,16449,,,,,,,,,,,,,,,
1.8545364141464233,0.20000000298023224,0.03999999910593033,0.20000000298023224,0.06666667014360428,5,16499,,,,,,,,,,,,,,,
1.6885731220245361,0.20000000298023224,0.03999999910593033,0.20000000298023224,0.06666667014360428,5,16549,,,,,,,,,,,,,,,
1.4949491024017334,0.30000001192092896,0.09000000357627869,0.30000001192092896,0.13846154510974884,5,16599,,,,,,,,,,,,,,,
1.4607617855072021,0.4000000059604645,0.1599999964237213,0.4000000059604645,0.22857144474983215,5,16649,,,,,,,,,,,,,,,
1.506041169166565,0.30000001192092896,0.09000000357627869,0.30000001192092896,0.13846154510974884,5,16699,,,,,,,,,,,,,,,
1.5755555629730225,0.10000000149011612,0.009999999776482582,0.10000000149011612,0.01818181946873665,5,16749,,,,,,,,,,,,,,,
1.4751055240631104,0.20000000298023224,0.03999999910593033,0.20000000298023224,0.06666667014360428,5,16799,,,,,,,,,,,,,,,
1.458421230316162,0.30000001192092896,0.09000000357627869,0.30000001192092896,0.13846154510974884,5,16849,,,,,,,,,,,,,,,
1.3868129253387451,0.4000000059604645,0.1599999964237213,0.4000000059604645,0.22857144474983215,5,16899,,,,,,,,,,,,,,,
1.5717054605484009,0.4000000059604645,0.1599999964237213,0.4000000059604645,0.22857144474983215,5,16949,,,,,,,,,,,,,,,
1.459972620010376,0.30000001192092896,0.09000000357627869,0.30000001192092896,0.13846154510974884,5,16999,,,,,,,,,,,,,,,
1.6609855890274048,0.20000000298023224,0.03999999910593033,0.20000000298023224,0.06666667014360428,5,17049,,,,,,,,,,,,,,,
1.6453936100006104,0.30000001192092896,0.09000000357627869,0.30000001192092896,0.13846154510974884,5,17099,,,,,,,,,,,,,,,
1.7166274785995483,0.10000000149011612,0.009999999776482582,0.10000000149011612,0.01818181946873665,5,17149,,,,,,,,,,,,,,,
1.8151382207870483,0.10000000149011612,0.009999999776482582,0.10000000149011612,0.01818181946873665,5,17199,,,,,,,,,,,,,,,
1.7824310064315796,0.30000001192092896,0.09000000357627869,0.30000001192092896,0.13846154510974884,5,17249,,,,,,,,,,,,,,,
1.6611706018447876,0.30000001192092896,0.09000000357627869,0.30000001192092896,0.13846154510974884,5,17299,,,,,,,,,,,,,,,
1.8479387760162354,0.20000000298023224,0.03999999910593033,0.20000000298023224,0.06666667014360428,5,17349,,,,,,,,,,,,,,,
1.6041290760040283,0.4000000059604645,0.1599999964237213,0.4000000059604645,0.22857144474983215,5,17399,,,,,,,,,,,,,,,
1.4051907062530518,0.4000000059604645,0.1599999964237213,0.4000000059604645,0.22857144474983215,5,17449,,,,,,,,,,,,,,,
1.5068844556808472,0.30000001192092896,0.09000000357627869,0.30000001192092896,0.13846154510974884,5,17499,,,,,,,,,,,,,,,
1.6403300762176514,0.30000001192092896,0.09000000357627869,0.30000001192092896,0.13846154510974884,5,17549,,,,,,,,,,,,,,,
1.5449790954589844,0.4000000059604645,0.1599999964237213,0.4000000059604645,0.22857144474983215,5,17599,,,,,,,,,,,,,,,
1.6644881963729858,0.0,0.0,0.0,0.0,5,17649,,,,,,,,,,,,,,,
1.9560554027557373,0.30000001192092896,0.09000000357627869,0.30000001192092896,0.13846154510974884,5,17699,,,,,,,,,,,,,,,
1.7917163372039795,0.20000000298023224,0.03999999910593033,0.20000000298023224,0.06666667014360428,5,17749,,,,,,,,,,,,,,,
1.4053924083709717,0.4000000059604645,0.1599999964237213,0.4000000059604645,0.22857144474983215,5,17799,,,,,,,,,,,,,,,
1.6678369045257568,0.10000000149011612,0.009999999776482582,0.10000000149011612,0.01818181946873665,5,17849,,,,,,,,,,,,,,,
1.502284049987793,0.20000000298023224,0.03999999910593033,0.20000000298023224,0.06666667014360428,5,17899,,,,,,,,,,,,,,,
,,,,,5,17915,1.661552906036377,0.32652580738067627,0.12711259722709656,0.32652580738067627,0.17888803780078888,,,,,,,,,,
,,,,,5,17915,,,,,,1.637940764427185,0.3314802348613739,0.13261692225933075,0.3314802348613739,0.1845206767320633,,,,,
1.5813761949539185,0.30000001192092896,0.09000000357627869,0.30000001192092896,0.13846154510974884,6,17949,,,,,,,,,,,,,,,
1.4446728229522705,0.30000001192092896,0.09000000357627869,0.30000001192092896,0.13846154510974884,6,17999,,,,,,,,,,,,,,,
1.2849500179290771,0.6000000238418579,0.36000001430511475,0.6000000238418579,0.44999998807907104,6,18049,,,,,,,,,,,,,,,
1.570419192314148,0.4000000059604645,0.1599999964237213,0.4000000059604645,0.22857144474983215,6,18099,,,,,,,,,,,,,,,
1.4209786653518677,0.5,0.25,0.5,0.3333333432674408,6,18149,,,,,,,,,,,,,,,
1.2392776012420654,0.800000011920929,0.6399999856948853,0.800000011920929,0.7111111283302307,6,18199,,,,,,,,,,,,,,,
1.4527766704559326,0.4000000059604645,0.1599999964237213,0.4000000059604645,0.22857144474983215,6,18249,,,,,,,,,,,,,,,
2.583266496658325,0.30000001192092896,0.09000000357627869,0.30000001192092896,0.13846154510974884,6,18299,,,,,,,,,,,,,,,
1.666084885597229,0.30000001192092896,0.09000000357627869,0.30000001192092896,0.13846154510974884,6,18349,,,,,,,,,,,,,,,
1.6472047567367554,0.4000000059604645,0.1599999964237213,0.4000000059604645,0.22857144474983215,6,18399,,,,,,,,,,,,,,,
1.4767265319824219,0.30000001192092896,0.09000000357627869,0.30000001192092896,0.13846154510974884,6,18449,,,,,,,,,,,,,,,
1.3096091747283936,0.6000000238418579,0.36000001430511475,0.6000000238418579,0.44999998807907104,6,18499,,,,,,,,,,,,,,,
1.9963600635528564,0.0,0.0,0.0,0.0,6,18549,,,,,,,,,,,,,,,
1.5357369184494019,0.30000001192092896,0.09000000357627869,0.30000001192092896,0.13846154510974884,6,18599,,,,,,,,,,,,,,,
1.8397133350372314,0.5,0.25,0.5,0.3333333432674408,6,18649,,,,,,,,,,,,,,,
1.4537782669067383,0.30000001192092896,0.09000000357627869,0.30000001192092896,0.13846154510974884,6,18699,,,,,,,,,,,,,,,
1.8806869983673096,0.30000001192092896,0.09000000357627869,0.30000001192092896,0.13846154510974884,6,18749,,,,,,,,,,,,,,,
1.3787999153137207,0.5,0.25,0.5,0.3333333432674408,6,18799,,,,,,,,,,,,,,,
1.7231166362762451,0.20000000298023224,0.03999999910593033,0.20000000298023224,0.06666667014360428,6,18849,,,,,,,,,,,,,,,
1.4936469793319702,0.30000001192092896,0.09000000357627869,0.30000001192092896,0.13846154510974884,6,18899,,,,,,,,,,,,,,,
2.1049771308898926,0.30000001192092896,0.09000000357627869,0.30000001192092896,0.13846154510974884,6,18949,,,,,,,,,,,,,,,
1.4942907094955444,0.30000001192092896,0.09000000357627869,0.30000001192092896,0.13846154510974884,6,18999,,,,,,,,,,,,,,,
1.3111357688903809,0.6000000238418579,0.36000001430511475,0.6000000238418579,0.44999998807907104,6,19049,,,,,,,,,,,,,,,
1.537390947341919,0.5,0.25,0.5,0.3333333432674408,6,19099,,,,,,,,,,,,,,,
1.8485946655273438,0.20000000298023224,0.03999999910593033,0.20000000298023224,0.06666667014360428,6,19149,,,,,,,,,,,,,,,
1.4830881357192993,0.30000001192092896,0.09000000357627869,0.30000001192092896,0.13846154510974884,6,19199,,,,,,,,,,,,,,,
1.524146318435669,0.5,0.25,0.5,0.3333333432674408,6,19249,,,,,,,,,,,,,,,
1.4833754301071167,0.30000001192092896,0.09000000357627869,0.30000001192092896,0.13846154510974884,6,19299,,,,,,,,,,,,,,,
1.864495038986206,0.20000000298023224,0.03999999910593033,0.20000000298023224,0.06666667014360428,6,19349,,,,,,,,,,,,,,,
1.3869162797927856,0.5,0.25,0.5,0.3333333432674408,6,19399,,,,,,,,,,,,,,,
1.6478664875030518,0.5,0.25,0.5,0.3333333432674408,6,19449,,,,,,,,,,,,,,,
2.106865406036377,0.30000001192092896,0.09000000357627869,0.30000001192092896,0.13846154510974884,6,19499,,,,,,,,,,,,,,,
1.9704948663711548,0.30000001192092896,0.09000000357627869,0.30000001192092896,0.13846154510974884,6,19549,,,,,,,,,,,,,,,
1.5305968523025513,0.20000000298023224,0.03999999910593033,0.20000000298023224,0.06666667014360428,6,19599,,,,,,,,,,,,,,,
1.5704638957977295,0.4000000059604645,0.1599999964237213,0.4000000059604645,0.22857144474983215,6,19649,,,,,,,,,,,,,,,
1.609020471572876,0.4000000059604645,0.1599999964237213,0.4000000059604645,0.22857144474983215,6,19699,,,,,,,,,,,,,,,
1.3274856805801392,0.6000000238418579,0.36000001430511475,0.6000000238418579,0.44999998807907104,6,19749,,,,,,,,,,,,,,,
2.054593801498413,0.30000001192092896,0.09000000357627869,0.30000001192092896,0.13846154510974884,6,19799,,,,,,,,,,,,,,,
1.7898285388946533,0.20000000298023224,0.03999999910593033,0.20000000298023224,0.06666667014360428,6,19849,,,,,,,,,,,,,,,
1.6531184911727905,0.30000001192092896,0.09000000357627869,0.30000001192092896,0.13846154510974884,6,19899,,,,,,,,,,,,,,,
1.404557466506958,0.4000000059604645,0.1599999964237213,0.4000000059604645,0.22857144474983215,6,19949,,,,,,,,,,,,,,,
1.4903877973556519,0.30000001192092896,0.09000000357627869,0.30000001192092896,0.13846154510974884,6,19999,,,,,,,,,,,,,,,
1.6885197162628174,0.20000000298023224,0.03999999910593033,0.20000000298023224,0.06666667014360428,6,20049,,,,,,,,,,,,,,,
1.7053232192993164,0.5,0.25,0.5,0.3333333432674408,6,20099,,,,,,,,,,,,,,,
1.7089862823486328,0.4000000059604645,0.1599999964237213,0.4000000059604645,0.22857144474983215,6,20149,,,,,,,,,,,,,,,
1.7307300567626953,0.30000001192092896,0.09000000357627869,0.30000001192092896,0.13846154510974884,6,20199,,,,,,,,,,,,,,,
1.8938357830047607,0.30000001192092896,0.09000000357627869,0.30000001192092896,0.13846154510974884,6,20249,,,,,,,,,,,,,,,
1.454247236251831,0.30000001192092896,0.09000000357627869,0.30000001192092896,0.13846154510974884,6,20299,,,,,,,,,,,,,,,
1.3496010303497314,0.5,0.25,0.5,0.3333333432674408,6,20349,,,,,,,,,,,,,,,
1.4284483194351196,0.6000000238418579,0.36000001430511475,0.6000000238418579,0.44999998807907104,6,20399,,,,,,,,,,,,,,,
1.4603819847106934,0.6000000238418579,0.36000001430511475,0.6000000238418579,0.44999998807907104,6,20449,,,,,,,,,,,,,,,
1.885827660560608,0.20000000298023224,0.03999999910593033,0.20000000298023224,0.06666667014360428,6,20499,,,,,,,,,,,,,,,
1.432817816734314,0.4000000059604645,0.1599999964237213,0.4000000059604645,0.22857144474983215,6,20549,,,,,,,,,,,,,,,
1.220503807067871,0.699999988079071,0.49000000953674316,0.699999988079071,0.5764706134796143,6,20599,,,,,,,,,,,,,,,
1.5665247440338135,0.20000000298023224,0.03999999910593033,0.20000000298023224,0.06666667014360428,6,20649,,,,,,,,,,,,,,,
1.5205763578414917,0.5,0.25,0.5,0.3333333432674408,6,20699,,,,,,,,,,,,,,,
1.6885067224502563,0.5,0.25,0.5,0.3333333432674408,6,20749,,,,,,,,,,,,,,,
1.279829502105713,0.6000000238418579,0.36000001430511475,0.6000000238418579,0.44999998807907104,6,20799,,,,,,,,,,,,,,,
1.7445728778839111,0.10000000149011612,0.009999999776482582,0.10000000149011612,0.01818181946873665,6,20849,,,,,,,,,,,,,,,
1.556357502937317,0.10000000149011612,0.009999999776482582,0.10000000149011612,0.01818181946873665,6,20899,,,,,,,,,,,,,,,
,,,,,6,20901,1.6595823764801025,0.32652580738067627,0.12711259722709656,0.32652580738067627,0.17888803780078888,,,,,,,,,,
,,,,,6,20901,,,,,,1.6315447092056274,0.3327193558216095,0.13285624980926514,0.3327193558216095,0.18511293828487396,,,,,
1.5250208377838135,0.4000000059604645,0.1599999964237213,0.4000000059604645,0.22857144474983215,7,20949,,,,,,,,,,,,,,,
1.509642243385315,0.20000000298023224,0.03999999910593033,0.20000000298023224,0.06666667014360428,7,20999,,,,,,,,,,,,,,,
1.6249504089355469,0.20000000298023224,0.03999999910593033,0.20000000298023224,0.06666667014360428,7,21049,,,,,,,,,,,,,,,
1.5989779233932495,0.4000000059604645,0.1599999964237213,0.4000000059604645,0.22857144474983215,7,21099,,,,,,,,,,,,,,,
1.6236181259155273,0.30000001192092896,0.09000000357627869,0.30000001192092896,0.13846154510974884,7,21149,,,,,,,,,,,,,,,
1.57289719581604,0.30000001192092896,0.09000000357627869,0.30000001192092896,0.13846154510974884,7,21199,,,,,,,,,,,,,,,
1.5251344442367554,0.4000000059604645,0.1599999964237213,0.4000000059604645,0.22857144474983215,7,21249,,,,,,,,,,,,,,,
2.168156385421753,0.10000000149011612,0.009999999776482582,0.10000000149011612,0.01818181946873665,7,21299,,,,,,,,,,,,,,,
1.6483027935028076,0.20000000298023224,0.03999999910593033,0.20000000298023224,0.06666667014360428,7,21349,,,,,,,,,,,,,,,
1.593390703201294,0.30000001192092896,0.09000000357627869,0.30000001192092896,0.13846154510974884,7,21399,,,,,,,,,,,,,,,
1.794032335281372,0.30000001192092896,0.09000000357627869,0.30000001192092896,0.13846154510974884,7,21449,,,,,,,,,,,,,,,
1.817307472229004,0.20000000298023224,0.03999999910593033,0.20000000298023224,0.06666667014360428,7,21499,,,,,,,,,,,,,,,
1.552006483078003,0.4000000059604645,0.1599999964237213,0.4000000059604645,0.22857144474983215,7,21549,,,,,,,,,,,,,,,
1.2975345849990845,0.6000000238418579,0.36000001430511475,0.6000000238418579,0.44999998807907104,7,21599,,,,,,,,,,,,,,,
1.5249054431915283,0.20000000298023224,0.03999999910593033,0.20000000298023224,0.06666667014360428,7,21649,,,,,,,,,,,,,,,
1.5788753032684326,0.4000000059604645,0.1599999964237213,0.4000000059604645,0.22857144474983215,7,21699,,,,,,,,,,,,,,,
1.657364845275879,0.6000000238418579,0.36000001430511475,0.6000000238418579,0.44999998807907104,7,21749,,,,,,,,,,,,,,,
2.0139951705932617,0.20000000298023224,0.03999999910593033,0.20000000298023224,0.06666667014360428,7,21799,,,,,,,,,,,,,,,
1.9301913976669312,0.20000000298023224,0.03999999910593033,0.20000000298023224,0.06666667014360428,7,21849,,,,,,,,,,,,,,,
1.717217206954956,0.20000000298023224,0.03999999910593033,0.20000000298023224,0.06666667014360428,7,21899,,,,,,,,,,,,,,,
1.451722502708435,0.4000000059604645,0.1599999964237213,0.4000000059604645,0.22857144474983215,7,21949,,,,,,,,,,,,,,,
1.8241655826568604,0.20000000298023224,0.03999999910593033,0.20000000298023224,0.06666667014360428,7,21999,,,,,,,,,,,,,,,
1.4106673002243042,0.4000000059604645,0.1599999964237213,0.4000000059604645,0.22857144474983215,7,22049,,,,,,,,,,,,,,,
1.7467586994171143,0.4000000059604645,0.1599999964237213,0.4000000059604645,0.22857144474983215,7,22099,,,,,,,,,,,,,,,
2.2978501319885254,0.20000000298023224,0.03999999910593033,0.20000000298023224,0.06666667014360428,7,22149,,,,,,,,,,,,,,,
1.7754716873168945,0.30000001192092896,0.09000000357627869,0.30000001192092896,0.13846154510974884,7,22199,,,,,,,,,,,,,,,
1.424573302268982,0.30000001192092896,0.09000000357627869,0.30000001192092896,0.13846154510974884,7,22249,,,,,,,,,,,,,,,
1.7264947891235352,0.4000000059604645,0.1599999964237213,0.4000000059604645,0.22857144474983215,7,22299,,,,,,,,,,,,,,,
1.826188325881958,0.10000000149011612,0.009999999776482582,0.10000000149011612,0.01818181946873665,7,22349,,,,,,,,,,,,,,,
1.5637215375900269,0.4000000059604645,0.1599999964237213,0.4000000059604645,0.22857144474983215,7,22399,,,,,,,,,,,,,,,
1.8111350536346436,0.20000000298023224,0.03999999910593033,0.20000000298023224,0.06666667014360428,7,22449,,,,,,,,,,,,,,,
1.446624994277954,0.4000000059604645,0.1599999964237213,0.4000000059604645,0.22857144474983215,7,22499,,,,,,,,,,,,,,,
1.4975168704986572,0.6000000238418579,0.36000001430511475,0.6000000238418579,0.44999998807907104,7,22549,,,,,,,,,,,,,,,
1.4686020612716675,0.5,0.25,0.5,0.3333333432674408,7,22599,,,,,,,,,,,,,,,
1.6896835565567017,0.20000000298023224,0.03999999910593033,0.20000000298023224,0.06666667014360428,7,22649,,,,,,,,,,,,,,,
1.626084327697754,0.30000001192092896,0.09000000357627869,0.30000001192092896,0.13846154510974884,7,22699,,,,,,,,,,,,,,,
1.6264686584472656,0.30000001192092896,0.09000000357627869,0.30000001192092896,0.13846154510974884,7,22749,,,,,,,,,,,,,,,
1.52987802028656,0.5,0.25,0.5,0.3333333432674408,7,22799,,,,,,,,,,,,,,,
1.5876331329345703,0.30000001192092896,0.09000000357627869,0.30000001192092896,0.13846154510974884,7,22849,,,,,,,,,,,,,,,
1.5575007200241089,0.4000000059604645,0.1599999964237213,0.4000000059604645,0.22857144474983215,7,22899,,,,,,,,,,,,,,,
1.4878276586532593,0.30000001192092896,0.09000000357627869,0.30000001192092896,0.13846154510974884,7,22949,,,,,,,,,,,,,,,
1.4993655681610107,0.30000001192092896,0.09000000357627869,0.30000001192092896,0.13846154510974884,7,22999,,,,,,,,,,,,,,,
1.8088982105255127,0.6000000238418579,0.36000001430511475,0.6000000238418579,0.44999998807907104,7,23049,,,,,,,,,,,,,,,
1.5052309036254883,0.30000001192092896,0.09000000357627869,0.30000001192092896,0.13846154510974884,7,23099,,,,,,,,,,,,,,,
1.6541929244995117,0.20000000298023224,0.03999999910593033,0.20000000298023224,0.06666667014360428,7,23149,,,,,,,,,,,,,,,
1.6813907623291016,0.30000001192092896,0.09000000357627869,0.30000001192092896,0.13846154510974884,7,23199,,,,,,,,,,,,,,,
1.493304967880249,0.30000001192092896,0.09000000357627869,0.30000001192092896,0.13846154510974884,7,23249,,,,,,,,,,,,,,,
1.576374888420105,0.10000000149011612,0.009999999776482582,0.10000000149011612,0.01818181946873665,7,23299,,,,,,,,,,,,,,,
1.5375899076461792,0.20000000298023224,0.03999999910593033,0.20000000298023224,0.06666667014360428,7,23349,,,,,,,,,,,,,,,
1.200918436050415,0.800000011920929,0.6399999856948853,0.800000011920929,0.7111111283302307,7,23399,,,,,,,,,,,,,,,
1.4059407711029053,0.4000000059604645,0.1599999964237213,0.4000000059604645,0.22857144474983215,7,23449,,,,,,,,,,,,,,,
1.6488399505615234,0.20000000298023224,0.03999999910593033,0.20000000298023224,0.06666667014360428,7,23499,,,,,,,,,,,,,,,
1.6638574600219727,0.30000001192092896,0.09000000357627869,0.30000001192092896,0.13846154510974884,7,23549,,,,,,,,,,,,,,,
1.9724814891815186,0.4000000059604645,0.1599999964237213,0.4000000059604645,0.22857144474983215,7,23599,,,,,,,,,,,,,,,
2.0456128120422363,0.30000001192092896,0.09000000357627869,0.30000001192092896,0.13846154510974884,7,23649,,,,,,,,,,,,,,,
1.6305280923843384,0.4000000059604645,0.1599999964237213,0.4000000059604645,0.22857144474983215,7,23699,,,,,,,,,,,,,,,
1.7273969650268555,0.30000001192092896,0.09000000357627869,0.30000001192092896,0.13846154510974884,7,23749,,,,,,,,,,,,,,,
1.7327802181243896,0.20000000298023224,0.03999999910593033,0.20000000298023224,0.06666667014360428,7,23799,,,,,,,,,,,,,,,
1.2964322566986084,0.699999988079071,0.49000000953674316,0.699999988079071,0.5764706134796143,7,23849,,,,,,,,,,,,,,,
,,,,,7,23887,1.6603200435638428,0.32652580738067627,0.12711259722709656,0.32652580738067627,0.17888803780078888,,,,,,,,,,
,,,,,7,23887,,,,,,1.632317304611206,0.3327193558216095,0.13285624980926514,0.3327193558216095,0.18511293828487396,,,,,
1.878342628479004,0.20000000298023224,0.03999999910593033,0.20000000298023224,0.06666667014360428,8,23899,,,,,,,,,,,,,,,
1.6780717372894287,0.20000000298023224,0.03999999910593033,0.20000000298023224,0.06666667014360428,8,23949,,,,,,,,,,,,,,,
2.0596256256103516,0.20000000298023224,0.03999999910593033,0.20000000298023224,0.06666667014360428,8,23999,,,,,,,,,,,,,,,
1.4874969720840454,0.20000000298023224,0.03999999910593033,0.20000000298023224,0.06666667014360428,8,24049,,,,,,,,,,,,,,,
1.5845205783843994,0.4000000059604645,0.1599999964237213,0.4000000059604645,0.22857144474983215,8,24099,,,,,,,,,,,,,,,
1.9092724323272705,0.10000000149011612,0.009999999776482582,0.10000000149011612,0.01818181946873665,8,24149,,,,,,,,,,,,,,,
1.4850175380706787,0.30000001192092896,0.09000000357627869,0.30000001192092896,0.13846154510974884,8,24199,,,,,,,,,,,,,,,
1.9125235080718994,0.4000000059604645,0.1599999964237213,0.4000000059604645,0.22857144474983215,8,24249,,,,,,,,,,,,,,,
1.5986456871032715,0.20000000298023224,0.03999999910593033,0.20000000298023224,0.06666667014360428,8,24299,,,,,,,,,,,,,,,
1.6155067682266235,0.4000000059604645,0.1599999964237213,0.4000000059604645,0.22857144474983215,8,24349,,,,,,,,,,,,,,,
2.161921739578247,0.20000000298023224,0.03999999910593033,0.20000000298023224,0.06666667014360428,8,24399,,,,,,,,,,,,,,,
1.4843647480010986,0.30000001192092896,0.09000000357627869,0.30000001192092896,0.13846154510974884,8,24449,,,,,,,,,,,,,,,
1.5282500982284546,0.4000000059604645,0.1599999964237213,0.4000000059604645,0.22857144474983215,8,24499,,,,,,,,,,,,,,,
1.7184665203094482,0.20000000298023224,0.03999999910593033,0.20000000298023224,0.06666667014360428,8,24549,,,,,,,,,,,,,,,
1.8045024871826172,0.30000001192092896,0.09000000357627869,0.30000001192092896,0.13846154510974884,8,24599,,,,,,,,,,,,,,,
1.367789626121521,0.5,0.25,0.5,0.3333333432674408,8,24649,,,,,,,,,,,,,,,
1.2638667821884155,0.699999988079071,0.49000000953674316,0.699999988079071,0.5764706134796143,8,24699,,,,,,,,,,,,,,,
1.4277193546295166,0.4000000059604645,0.1599999964237213,0.4000000059604645,0.22857144474983215,8,24749,,,,,,,,,,,,,,,
1.3710850477218628,0.5,0.25,0.5,0.3333333432674408,8,24799,,,,,,,,,,,,,,,
1.4243274927139282,0.4000000059604645,0.1599999964237213,0.4000000059604645,0.22857144474983215,8,24849,,,,,,,,,,,,,,,
1.998039960861206,0.20000000298023224,0.03999999910593033,0.20000000298023224,0.06666667014360428,8,24899,,,,,,,,,,,,,,,
1.3628027439117432,0.5,0.25,0.5,0.3333333432674408,8,24949,,,,,,,,,,,,,,,
1.426830530166626,0.699999988079071,0.49000000953674316,0.699999988079071,0.5764706134796143,8,24999,,,,,,,,,,,,,,,
1.4981048107147217,0.30000001192092896,0.09000000357627869,0.30000001192092896,0.13846154510974884,8,25049,,,,,,,,,,,,,,,
1.6514883041381836,0.30000001192092896,0.09000000357627869,0.30000001192092896,0.13846154510974884,8,25099,,,,,,,,,,,,,,,
1.817405343055725,0.0,0.0,0.0,0.0,8,25149,,,,,,,,,,,,,,,
1.4115122556686401,0.4000000059604645,0.1599999964237213,0.4000000059604645,0.22857144474983215,8,25199,,,,,,,,,,,,,,,
1.5730253458023071,0.4000000059604645,0.1599999964237213,0.4000000059604645,0.22857144474983215,8,25249,,,,,,,,,,,,,,,
2.038334846496582,0.20000000298023224,0.03999999910593033,0.20000000298023224,0.06666667014360428,8,25299,,,,,,,,,,,,,,,
2.505645275115967,0.30000001192092896,0.09000000357627869,0.30000001192092896,0.13846154510974884,8,25349,,,,,,,,,,,,,,,
1.3658255338668823,0.5,0.25,0.5,0.3333333432674408,8,25399,,,,,,,,,,,,,,,
1.8937599658966064,0.30000001192092896,0.09000000357627869,0.30000001192092896,0.13846154510974884,8,25449,,,,,,,,,,,,,,,
1.8294967412948608,0.30000001192092896,0.09000000357627869,0.30000001192092896,0.13846154510974884,8,25499,,,,,,,,,,,,,,,
1.7548071146011353,0.30000001192092896,0.09000000357627869,0.30000001192092896,0.13846154510974884,8,25549,,,,,,,,,,,,,,,
1.6807715892791748,0.20000000298023224,0.03999999910593033,0.20000000298023224,0.06666667014360428,8,25599,,,,,,,,,,,,,,,
1.7920408248901367,0.4000000059604645,0.1599999964237213,0.4000000059604645,0.22857144474983215,8,25649,,,,,,,,,,,,,,,
1.4627063274383545,0.6000000238418579,0.36000001430511475,0.6000000238418579,0.44999998807907104,8,25699,,,,,,,,,,,,,,,
1.5796899795532227,0.4000000059604645,0.1599999964237213,0.4000000059604645,0.22857144474983215,8,25749,,,,,,,,,,,,,,,
1.3885738849639893,0.5,0.25,0.5,0.3333333432674408,8,25799,,,,,,,,,,,,,,,
1.8735897541046143,0.4000000059604645,0.1599999964237213,0.4000000059604645,0.22857144474983215,8,25849,,,,,,,,,,,,,,,
1.3783334493637085,0.5,0.25,0.5,0.3333333432674408,8,25899,,,,,,,,,,,,,,,
1.719251275062561,0.20000000298023224,0.03999999910593033,0.20000000298023224,0.06666667014360428,8,25949,,,,,,,,,,,,,,,
1.568840742111206,0.4000000059604645,0.1599999964237213,0.4000000059604645,0.22857144474983215,8,25999,,,,,,,,,,,,,,,
1.3457342386245728,0.6000000238418579,0.36000001430511475,0.6000000238418579,0.44999998807907104,8,26049,,,,,,,,,,,,,,,
1.8258450031280518,0.30000001192092896,0.09000000357627869,0.30000001192092896,0.13846154510974884,8,26099,,,,,,,,,,,,,,,
1.4611284732818604,0.30000001192092896,0.09000000357627869,0.30000001192092896,0.13846154510974884,8,26149,,,,,,,,,,,,,,,
1.713820219039917,0.4000000059604645,0.1599999964237213,0.4000000059604645,0.22857144474983215,8,26199,,,,,,,,,,,,,,,
1.4395197629928589,0.4000000059604645,0.1599999964237213,0.4000000059604645,0.22857144474983215,8,26249,,,,,,,,,,,,,,,
1.6244850158691406,0.30000001192092896,0.09000000357627869,0.30000001192092896,0.13846154510974884,8,26299,,,,,,,,,,,,,,,
1.4653960466384888,0.30000001192092896,0.09000000357627869,0.30000001192092896,0.13846154510974884,8,26349,,,,,,,,,,,,,,,
1.645545244216919,0.30000001192092896,0.09000000357627869,0.30000001192092896,0.13846154510974884,8,26399,,,,,,,,,,,,,,,
2.209366798400879,0.0,0.0,0.0,0.0,8,26449,,,,,,,,,,,,,,,
1.9492555856704712,0.10000000149011612,0.009999999776482582,0.10000000149011612,0.01818181946873665,8,26499,,,,,,,,,,,,,,,
1.5795432329177856,0.20000000298023224,0.03999999910593033,0.20000000298023224,0.06666667014360428,8,26549,,,,,,,,,,,,,,,
2.08732271194458,0.10000000149011612,0.009999999776482582,0.10000000149011612,0.01818181946873665,8,26599,,,,,,,,,,,,,,,
1.685924768447876,0.5,0.25,0.5,0.3333333432674408,8,26649,,,,,,,,,,,,,,,
1.4608640670776367,0.30000001192092896,0.09000000357627869,0.30000001192092896,0.13846154510974884,8,26699,,,,,,,,,,,,,,,
1.2957104444503784,0.6000000238418579,0.36000001430511475,0.6000000238418579,0.44999998807907104,8,26749,,,,,,,,,,,,,,,
1.4397990703582764,0.4000000059604645,0.1599999964237213,0.4000000059604645,0.22857144474983215,8,26799,,,,,,,,,,,,,,,
1.6243959665298462,0.30000001192092896,0.09000000357627869,0.30000001192092896,0.13846154510974884,8,26849,,,,,,,,,,,,,,,
,,,,,8,26873,1.6591124534606934,0.32652580738067627,0.12711259722709656,0.32652580738067627,0.17888803780078888,,,,,,,,,,
,,,,,8,26873,,,,,,1.631855845451355,0.3327193558216095,0.13285624980926514,0.3327193558216095,0.18511293828487396,,,,,
1.291304349899292,0.6000000238418579,0.36000001430511475,0.6000000238418579,0.44999998807907104,9,26899,,,,,,,,,,,,,,,
1.6964824199676514,0.20000000298023224,0.03999999910593033,0.20000000298023224,0.06666667014360428,9,26949,,,,,,,,,,,,,,,
1.6452043056488037,0.30000001192092896,0.09000000357627869,0.30000001192092896,0.13846154510974884,9,26999,,,,,,,,,,,,,,,
2.344539165496826,0.30000001192092896,0.09000000357627869,0.30000001192092896,0.13846154510974884,9,27049,,,,,,,,,,,,,,,
1.5790199041366577,0.10000000149011612,0.009999999776482582,0.10000000149011612,0.01818181946873665,9,27099,,,,,,,,,,,,,,,
2.12913179397583,0.30000001192092896,0.09000000357627869,0.30000001192092896,0.13846154510974884,9,27149,,,,,,,,,,,,,,,
1.5695831775665283,0.10000000149011612,0.009999999776482582,0.10000000149011612,0.01818181946873665,9,27199,,,,,,,,,,,,,,,
1.652308702468872,0.20000000298023224,0.03999999910593033,0.20000000298023224,0.06666667014360428,9,27249,,,,,,,,,,,,,,,
1.7250808477401733,0.20000000298023224,0.03999999910593033,0.20000000298023224,0.06666667014360428,9,27299,,,,,,,,,,,,,,,
1.650509238243103,0.30000001192092896,0.09000000357627869,0.30000001192092896,0.13846154510974884,9,27349,,,,,,,,,,,,,,,
1.3892109394073486,0.5,0.25,0.5,0.3333333432674408,9,27399,,,,,,,,,,,,,,,
2.162794589996338,0.20000000298023224,0.03999999910593033,0.20000000298023224,0.06666667014360428,9,27449,,,,,,,,,,,,,,,
1.7590217590332031,0.30000001192092896,0.09000000357627869,0.30000001192092896,0.13846154510974884,9,27499,,,,,,,,,,,,,,,
1.647329568862915,0.30000001192092896,0.09000000357627869,0.30000001192092896,0.13846154510974884,9,27549,,,,,,,,,,,,,,,
1.6785643100738525,0.20000000298023224,0.03999999910593033,0.20000000298023224,0.06666667014360428,9,27599,,,,,,,,,,,,,,,
1.6052589416503906,0.4000000059604645,0.1599999964237213,0.4000000059604645,0.22857144474983215,9,27649,,,,,,,,,,,,,,,
1.7990436553955078,0.30000001192092896,0.09000000357627869,0.30000001192092896,0.13846154510974884,9,27699,,,,,,,,,,,,,,,
1.4094440937042236,0.5,0.25,0.5,0.3333333432674408,9,27749,,,,,,,,,,,,,,,
1.4321049451828003,0.4000000059604645,0.1599999964237213,0.4000000059604645,0.22857144474983215,9,27799,,,,,,,,,,,,,,,
1.4905928373336792,0.30000001192092896,0.09000000357627869,0.30000001192092896,0.13846154510974884,9,27849,,,,,,,,,,,,,,,
1.6387732028961182,0.4000000059604645,0.1599999964237213,0.4000000059604645,0.22857144474983215,9,27899,,,,,,,,,,,,,,,
1.4151753187179565,0.4000000059604645,0.1599999964237213,0.4000000059604645,0.22857144474983215,9,27949,,,,,,,,,,,,,,,
1.7783982753753662,0.30000001192092896,0.09000000357627869,0.30000001192092896,0.13846154510974884,9,27999,,,,,,,,,,,,,,,
1.7158203125,0.20000000298023224,0.03999999910593033,0.20000000298023224,0.06666667014360428,9,28049,,,,,,,,,,,,,,,
1.658105492591858,0.30000001192092896,0.09000000357627869,0.30000001192092896,0.13846154510974884,9,28099,,,,,,,,,,,,,,,
1.7646690607070923,0.30000001192092896,0.09000000357627869,0.30000001192092896,0.13846154510974884,9,28149,,,,,,,,,,,,,,,
1.4782664775848389,0.6000000238418579,0.36000001430511475,0.6000000238418579,0.44999998807907104,9,28199,,,,,,,,,,,,,,,
1.5151842832565308,0.30000001192092896,0.09000000357627869,0.30000001192092896,0.13846154510974884,9,28249,,,,,,,,,,,,,,,
1.6967846155166626,0.4000000059604645,0.1599999964237213,0.4000000059604645,0.22857144474983215,9,28299,,,,,,,,,,,,,,,
1.6481050252914429,0.30000001192092896,0.09000000357627869,0.30000001192092896,0.13846154510974884,9,28349,,,,,,,,,,,,,,,
1.3695428371429443,0.5,0.25,0.5,0.3333333432674408,9,28399,,,,,,,,,,,,,,,
2.033003568649292,0.20000000298023224,0.03999999910593033,0.20000000298023224,0.06666667014360428,9,28449,,,,,,,,,,,,,,,
1.4934556484222412,0.30000001192092896,0.09000000357627869,0.30000001192092896,0.13846154510974884,9,28499,,,,,,,,,,,,,,,
1.3907891511917114,0.5,0.25,0.5,0.3333333432674408,9,28549,,,,,,,,,,,,,,,
1.5671591758728027,0.4000000059604645,0.1599999964237213,0.4000000059604645,0.22857144474983215,9,28599,,,,,,,,,,,,,,,
1.8318054676055908,0.20000000298023224,0.03999999910593033,0.20000000298023224,0.06666667014360428,9,28649,,,,,,,,,,,,,,,
1.70159912109375,0.20000000298023224,0.03999999910593033,0.20000000298023224,0.06666667014360428,9,28699,,,,,,,,,,,,,,,
1.6861522197723389,0.4000000059604645,0.1599999964237213,0.4000000059604645,0.22857144474983215,9,28749,,,,,,,,,,,,,,,
1.7263634204864502,0.20000000298023224,0.03999999910593033,0.20000000298023224,0.06666667014360428,9,28799,,,,,,,,,,,,,,,
1.3802462816238403,0.5,0.25,0.5,0.3333333432674408,9,28849,,,,,,,,,,,,,,,
1.6130130290985107,0.4000000059604645,0.1599999964237213,0.4000000059604645,0.22857144474983215,9,28899,,,,,,,,,,,,,,,
2.0986573696136475,0.30000001192092896,0.09000000357627869,0.30000001192092896,0.13846154510974884,9,28949,,,,,,,,,,,,,,,
1.3585151433944702,0.5,0.25,0.5,0.3333333432674408,9,28999,,,,,,,,,,,,,,,
1.7017662525177002,0.20000000298023224,0.03999999910593033,0.20000000298023224,0.06666667014360428,9,29049,,,,,,,,,,,,,,,
1.5171101093292236,0.30000001192092896,0.09000000357627869,0.30000001192092896,0.13846154510974884,9,29099,,,,,,,,,,,,,,,
1.569936990737915,0.4000000059604645,0.1599999964237213,0.4000000059604645,0.22857144474983215,9,29149,,,,,,,,,,,,,,,
1.7939751148223877,0.10000000149011612,0.009999999776482582,0.10000000149011612,0.01818181946873665,9,29199,,,,,,,,,,,,,,,
1.6127793788909912,0.30000001192092896,0.09000000357627869,0.30000001192092896,0.13846154510974884,9,29249,,,,,,,,,,,,,,,
1.6296041011810303,0.6000000238418579,0.36000001430511475,0.6000000238418579,0.44999998807907104,9,29299,,,,,,,,,,,,,,,
1.6111409664154053,0.30000001192092896,0.09000000357627869,0.30000001192092896,0.13846154510974884,9,29349,,,,,,,,,,,,,,,
1.6459591388702393,0.30000001192092896,0.09000000357627869,0.30000001192092896,0.13846154510974884,9,29399,,,,,,,,,,,,,,,
1.5359784364700317,0.4000000059604645,0.1599999964237213,0.4000000059604645,0.22857144474983215,9,29449,,,,,,,,,,,,,,,
1.6427017450332642,0.4000000059604645,0.1599999964237213,0.4000000059604645,0.22857144474983215,9,29499,,,,,,,,,,,,,,,
1.396661639213562,0.4000000059604645,0.1599999964237213,0.4000000059604645,0.22857144474983215,9,29549,,,,,,,,,,,,,,,
1.6438621282577515,0.30000001192092896,0.09000000357627869,0.30000001192092896,0.13846154510974884,9,29599,,,,,,,,,,,,,,,
1.6606776714324951,0.4000000059604645,0.1599999964237213,0.4000000059604645,0.22857144474983215,9,29649,,,,,,,,,,,,,,,
2.2694296836853027,0.30000001192092896,0.09000000357627869,0.30000001192092896,0.13846154510974884,9,29699,,,,,,,,,,,,,,,
1.5009660720825195,0.30000001192092896,0.09000000357627869,0.30000001192092896,0.13846154510974884,9,29749,,,,,,,,,,,,,,,
1.7776178121566772,0.30000001192092896,0.09000000357627869,0.30000001192092896,0.13846154510974884,9,29799,,,,,,,,,,,,,,,
1.6976616382598877,0.20000000298023224,0.03999999910593033,0.20000000298023224,0.06666667014360428,9,29849,,,,,,,,,,,,,,,
,,,,,9,29859,1.6614220142364502,0.32652580738067627,0.12711259722709656,0.32652580738067627,0.17888803780078888,,,,,,,,,,
,,,,,9,29859,,,,,,1.6313390731811523,0.3327193558216095,0.13285624980926514,0.3327193558216095,0.18511293828487396,,,,,
2.0503499507904053,0.20000000298023224,0.03999999910593033,0.20000000298023224,0.06666667014360428,10,29899,,,,,,,,,,,,,,,
1.8788440227508545,0.5,0.25,0.5,0.3333333432674408,10,29949,,,,,,,,,,,,,,,
1.7899280786514282,0.10000000149011612,0.009999999776482582,0.10000000149011612,0.01818181946873665,10,29999,,,,,,,,,,,,,,,
1.400164008140564,0.4000000059604645,0.1599999964237213,0.4000000059604645,0.22857144474983215,10,30049,,,,,,,,,,,,,,,
1.8340723514556885,0.10000000149011612,0.009999999776482582,0.10000000149011612,0.01818181946873665,10,30099,,,,,,,,,,,,,,,
1.37430739402771,0.5,0.25,0.5,0.3333333432674408,10,30149,,,,,,,,,,,,,,,
1.5523353815078735,0.4000000059604645,0.1599999964237213,0.4000000059604645,0.22857144474983215,10,30199,,,,,,,,,,,,,,,
1.821630835533142,0.30000001192092896,0.09000000357627869,0.30000001192092896,0.13846154510974884,10,30249,,,,,,,,,,,,,,,
1.7352380752563477,0.10000000149011612,0.009999999776482582,0.10000000149011612,0.01818181946873665,10,30299,,,,,,,,,,,,,,,
1.7088629007339478,0.5,0.25,0.5,0.3333333432674408,10,30349,,,,,,,,,,,,,,,
1.8186203241348267,0.4000000059604645,0.1599999964237213,0.4000000059604645,0.22857144474983215,10,30399,,,,,,,,,,,,,,,
2.0702128410339355,0.20000000298023224,0.03999999910593033,0.20000000298023224,0.06666667014360428,10,30449,,,,,,,,,,,,,,,
1.9727401733398438,0.10000000149011612,0.009999999776482582,0.10000000149011612,0.01818181946873665,10,30499,,,,,,,,,,,,,,,
1.5713608264923096,0.6000000238418579,0.36000001430511475,0.6000000238418579,0.44999998807907104,10,30549,,,,,,,,,,,,,,,
1.981024980545044,0.10000000149011612,0.009999999776482582,0.10000000149011612,0.01818181946873665,10,30599,,,,,,,,,,,,,,,
1.9025869369506836,0.10000000149011612,0.009999999776482582,0.10000000149011612,0.01818181946873665,10,30649,,,,,,,,,,,,,,,
1.4425582885742188,0.4000000059604645,0.1599999964237213,0.4000000059604645,0.22857144474983215,10,30699,,,,,,,,,,,,,,,
1.923246145248413,0.20000000298023224,0.03999999910593033,0.20000000298023224,0.06666667014360428,10,30749,,,,,,,,,,,,,,,
1.505068302154541,0.6000000238418579,0.36000001430511475,0.6000000238418579,0.44999998807907104,10,30799,,,,,,,,,,,,,,,
1.9545695781707764,0.10000000149011612,0.009999999776482582,0.10000000149011612,0.01818181946873665,10,30849,,,,,,,,,,,,,,,
1.620427131652832,0.4000000059604645,0.1599999964237213,0.4000000059604645,0.22857144474983215,10,30899,,,,,,,,,,,,,,,
1.6844732761383057,0.20000000298023224,0.03999999910593033,0.20000000298023224,0.06666667014360428,10,30949,,,,,,,,,,,,,,,
1.7974799871444702,0.30000001192092896,0.09000000357627869,0.30000001192092896,0.13846154510974884,10,30999,,,,,,,,,,,,,,,
1.8139047622680664,0.4000000059604645,0.1599999964237213,0.4000000059604645,0.22857144474983215,10,31049,,,,,,,,,,,,,,,
1.905735731124878,0.4000000059604645,0.1599999964237213,0.4000000059604645,0.22857144474983215,10,31099,,,,,,,,,,,,,,,
1.497745156288147,0.4000000059604645,0.1599999964237213,0.4000000059604645,0.22857144474983215,10,31149,,,,,,,,,,,,,,,
1.4241989850997925,0.4000000059604645,0.1599999964237213,0.4000000059604645,0.22857144474983215,10,31199,,,,,,,,,,,,,,,
1.7048391103744507,0.20000000298023224,0.03999999910593033,0.20000000298023224,0.06666667014360428,10,31249,,,,,,,,,,,,,,,
1.4171825647354126,0.4000000059604645,0.1599999964237213,0.4000000059604645,0.22857144474983215,10,31299,,,,,,,,,,,,,,,
1.6138601303100586,0.10000000149011612,0.009999999776482582,0.10000000149011612,0.01818181946873665,10,31349,,,,,,,,,,,,,,,
1.5208561420440674,0.30000001192092896,0.09000000357627869,0.30000001192092896,0.13846154510974884,10,31399,,,,,,,,,,,,,,,
2.0303709506988525,0.10000000149011612,0.009999999776482582,0.10000000149011612,0.01818181946873665,10,31449,,,,,,,,,,,,,,,
1.4879028797149658,0.30000001192092896,0.09000000357627869,0.30000001192092896,0.13846154510974884,10,31499,,,,,,,,,,,,,,,
1.754097580909729,0.10000000149011612,0.009999999776482582,0.10000000149011612,0.01818181946873665,10,31549,,,,,,,,,,,,,,,
1.4575884342193604,0.30000001192092896,0.09000000357627869,0.30000001192092896,0.13846154510974884,10,31599,,,,,,,,,,,,,,,
1.3044404983520508,0.6000000238418579,0.36000001430511475,0.6000000238418579,0.44999998807907104,10,31649,,,,,,,,,,,,,,,
1.8588292598724365,0.4000000059604645,0.1599999964237213,0.4000000059604645,0.22857144474983215,10,31699,,,,,,,,,,,,,,,
1.5910985469818115,0.4000000059604645,0.1599999964237213,0.4000000059604645,0.22857144474983215,10,31749,,,,,,,,,,,,,,,
1.5742970705032349,0.4000000059604645,0.1599999964237213,0.4000000059604645,0.22857144474983215,10,31799,,,,,,,,,,,,,,,
1.3929417133331299,0.5,0.25,0.5,0.3333333432674408,10,31849,,,,,,,,,,,,,,,
1.375673532485962,0.5,0.25,0.5,0.3333333432674408,10,31899,,,,,,,,,,,,,,,
2.0747618675231934,0.4000000059604645,0.1599999964237213,0.4000000059604645,0.22857144474983215,10,31949,,,,,,,,,,,,,,,
1.5704632997512817,0.20000000298023224,0.03999999910593033,0.20000000298023224,0.06666667014360428,10,31999,,,,,,,,,,,,,,,
1.8262279033660889,0.20000000298023224,0.03999999910593033,0.20000000298023224,0.06666667014360428,10,32049,,,,,,,,,,,,,,,
1.7508916854858398,0.10000000149011612,0.009999999776482582,0.10000000149011612,0.01818181946873665,10,32099,,,,,,,,,,,,,,,
1.446892499923706,0.30000001192092896,0.09000000357627869,0.30000001192092896,0.13846154510974884,10,32149,,,,,,,,,,,,,,,
1.3942253589630127,0.5,0.25,0.5,0.3333333432674408,10,32199,,,,,,,,,,,,,,,
1.8244349956512451,0.20000000298023224,0.03999999910593033,0.20000000298023224,0.06666667014360428,10,32249,,,,,,,,,,,,,,,
1.508465051651001,0.5,0.25,0.5,0.3333333432674408,10,32299,,,,,,,,,,,,,,,
1.3807671070098877,0.5,0.25,0.5,0.3333333432674408,10,32349,,,,,,,,,,,,,,,
1.4416366815567017,0.4000000059604645,0.1599999964237213,0.4000000059604645,0.22857144474983215,10,32399,,,,,,,,,,,,,,,
1.6254438161849976,0.20000000298023224,0.03999999910593033,0.20000000298023224,0.06666667014360428,10,32449,,,,,,,,,,,,,,,
1.4180817604064941,0.4000000059604645,0.1599999964237213,0.4000000059604645,0.22857144474983215,10,32499,,,,,,,,,,,,,,,
1.3884469270706177,0.5,0.25,0.5,0.3333333432674408,10,32549,,,,,,,,,,,,,,,
1.6049200296401978,0.30000001192092896,0.09000000357627869,0.30000001192092896,0.13846154510974884,10,32599,,,,,,,,,,,,,,,
1.7692651748657227,0.4000000059604645,0.1599999964237213,0.4000000059604645,0.22857144474983215,10,32649,,,,,,,,,,,,,,,
1.5517914295196533,0.4000000059604645,0.1599999964237213,0.4000000059604645,0.22857144474983215,10,32699,,,,,,,,,,,,,,,
2.036602258682251,0.4000000059604645,0.1599999964237213,0.4000000059604645,0.22857144474983215,10,32749,,,,,,,,,,,,,,,
1.8333450555801392,0.10000000149011612,0.009999999776482582,0.10000000149011612,0.01818181946873665,10,32799,,,,,,,,,,,,,,,
,,,,,10,32845,1.6599918603897095,0.32652580738067627,0.12711259722709656,0.32652580738067627,0.17888803780078888,,,,,,,,,,
,,,,,10,32845,,,,,,1.632898211479187,0.3316141963005066,0.1323583573102951,0.3316141963005066,0.18437257409095764,,,,,
1.6358754634857178,0.5,0.25,0.5,0.3333333432674408,11,32849,,,,,,,,,,,,,,,
1.4315828084945679,0.30000001192092896,0.09000000357627869,0.30000001192092896,0.13846154510974884,11,32899,,,,,,,,,,,,,,,
1.3588640689849854,0.5,0.25,0.5,0.3333333432674408,11,32949,,,,,,,,,,,,,,,
1.8124525547027588,0.20000000298023224,0.03999999910593033,0.20000000298023224,0.06666667014360428,11,32999,,,,,,,,,,,,,,,
1.6957000494003296,0.10000000149011612,0.009999999776482582,0.10000000149011612,0.01818181946873665,11,33049,,,,,,,,,,,,,,,
1.6704574823379517,0.30000001192092896,0.09000000357627869,0.30000001192092896,0.13846154510974884,11,33099,,,,,,,,,,,,,,,
2.1026241779327393,0.30000001192092896,0.09000000357627869,0.30000001192092896,0.13846154510974884,11,33149,,,,,,,,,,,,,,,
1.896118402481079,0.20000000298023224,0.03999999910593033,0.20000000298023224,0.06666667014360428,11,33199,,,,,,,,,,,,,,,
1.5645753145217896,0.20000000298023224,0.03999999910593033,0.20000000298023224,0.06666667014360428,11,33249,,,,,,,,,,,,,,,
1.430063247680664,0.30000001192092896,0.09000000357627869,0.30000001192092896,0.13846154510974884,11,33299,,,,,,,,,,,,,,,
1.6243946552276611,0.30000001192092896,0.09000000357627869,0.30000001192092896,0.13846154510974884,11,33349,,,,,,,,,,,,,,,
1.9415483474731445,0.0,0.0,0.0,0.0,11,33399,,,,,,,,,,,,,,,
1.7199653387069702,0.20000000298023224,0.03999999910593033,0.20000000298023224,0.06666667014360428,11,33449,,,,,,,,,,,,,,,
1.6189067363739014,0.4000000059604645,0.1599999964237213,0.4000000059604645,0.22857144474983215,11,33499,,,,,,,,,,,,,,,
2.0211596488952637,0.4000000059604645,0.1599999964237213,0.4000000059604645,0.22857144474983215,11,33549,,,,,,,,,,,,,,,
1.5081015825271606,0.30000001192092896,0.09000000357627869,0.30000001192092896,0.13846154510974884,11,33599,,,,,,,,,,,,,,,
1.8591034412384033,0.5,0.25,0.5,0.3333333432674408,11,33649,,,,,,,,,,,,,,,
1.5946706533432007,0.6000000238418579,0.36000001430511475,0.6000000238418579,0.44999998807907104,11,33699,,,,,,,,,,,,,,,
1.7307319641113281,0.4000000059604645,0.1599999964237213,0.4000000059604645,0.22857144474983215,11,33749,,,,,,,,,,,,,,,
1.4396625757217407,0.4000000059604645,0.1599999964237213,0.4000000059604645,0.22857144474983215,11,33799,,,,,,,,,,,,,,,
1.3745639324188232,0.5,0.25,0.5,0.3333333432674408,11,33849,,,,,,,,,,,,,,,
1.3625767230987549,0.5,0.25,0.5,0.3333333432674408,11,33899,,,,,,,,,,,,,,,
1.640747308731079,0.30000001192092896,0.09000000357627869,0.30000001192092896,0.13846154510974884,11,33949,,,,,,,,,,,,,,,
1.3419435024261475,0.5,0.25,0.5,0.3333333432674408,11,33999,,,,,,,,,,,,,,,
1.479364037513733,0.5,0.25,0.5,0.3333333432674408,11,34049,,,,,,,,,,,,,,,
1.7508283853530884,0.0,0.0,0.0,0.0,11,34099,,,,,,,,,,,,,,,
2.1566243171691895,0.20000000298023224,0.03999999910593033,0.20000000298023224,0.06666667014360428,11,34149,,,,,,,,,,,,,,,
1.7281211614608765,0.0,0.0,0.0,0.0,11,34199,,,,,,,,,,,,,,,
1.6711387634277344,0.20000000298023224,0.03999999910593033,0.20000000298023224,0.06666667014360428,11,34249,,,,,,,,,,,,,,,
1.5575542449951172,0.4000000059604645,0.1599999964237213,0.4000000059604645,0.22857144474983215,11,34299,,,,,,,,,,,,,,,
1.4279119968414307,0.4000000059604645,0.1599999964237213,0.4000000059604645,0.22857144474983215,11,34349,,,,,,,,,,,,,,,
1.7061504125595093,0.4000000059604645,0.1599999964237213,0.4000000059604645,0.22857144474983215,11,34399,,,,,,,,,,,,,,,
1.8879820108413696,0.20000000298023224,0.03999999910593033,0.20000000298023224,0.06666667014360428,11,34449,,,,,,,,,,,,,,,
1.4628558158874512,0.6000000238418579,0.36000001430511475,0.6000000238418579,0.44999998807907104,11,34499,,,,,,,,,,,,,,,
1.4635347127914429,0.30000001192092896,0.09000000357627869,0.30000001192092896,0.13846154510974884,11,34549,,,,,,,,,,,,,,,
1.7771050930023193,0.30000001192092896,0.09000000357627869,0.30000001192092896,0.13846154510974884,11,34599,,,,,,,,,,,,,,,
1.4718103408813477,0.30000001192092896,0.09000000357627869,0.30000001192092896,0.13846154510974884,11,34649,,,,,,,,,,,,,,,
1.517843246459961,0.20000000298023224,0.03999999910593033,0.20000000298023224,0.06666667014360428,11,34699,,,,,,,,,,,,,,,
1.380974531173706,0.5,0.25,0.5,0.3333333432674408,11,34749,,,,,,,,,,,,,,,
1.6243925094604492,0.30000001192092896,0.09000000357627869,0.30000001192092896,0.13846154510974884,11,34799,,,,,,,,,,,,,,,
1.5004937648773193,0.30000001192092896,0.09000000357627869,0.30000001192092896,0.13846154510974884,11,34849,,,,,,,,,,,,,,,
1.460475206375122,0.4000000059604645,0.1599999964237213,0.4000000059604645,0.22857144474983215,11,34899,,,,,,,,,,,,,,,
1.9300380945205688,0.10000000149011612,0.009999999776482582,0.10000000149011612,0.01818181946873665,11,34949,,,,,,,,,,,,,,,
1.4461568593978882,0.4000000059604645,0.1599999964237213,0.4000000059604645,0.22857144474983215,11,34999,,,,,,,,,,,,,,,
1.4945285320281982,0.30000001192092896,0.09000000357627869,0.30000001192092896,0.13846154510974884,11,35049,,,,,,,,,,,,,,,
1.9517310857772827,0.10000000149011612,0.009999999776482582,0.10000000149011612,0.01818181946873665,11,35099,,,,,,,,,,,,,,,
1.6812317371368408,0.20000000298023224,0.03999999910593033,0.20000000298023224,0.06666667014360428,11,35149,,,,,,,,,,,,,,,
1.3971467018127441,0.5,0.25,0.5,0.3333333432674408,11,35199,,,,,,,,,,,,,,,
1.9072163105010986,0.30000001192092896,0.09000000357627869,0.30000001192092896,0.13846154510974884,11,35249,,,,,,,,,,,,,,,
1.6011638641357422,0.30000001192092896,0.09000000357627869,0.30000001192092896,0.13846154510974884,11,35299,,,,,,,,,,,,,,,
1.5214811563491821,0.30000001192092896,0.09000000357627869,0.30000001192092896,0.13846154510974884,11,35349,,,,,,,,,,,,,,,
1.2469446659088135,0.699999988079071,0.49000000953674316,0.699999988079071,0.5764706134796143,11,35399,,,,,,,,,,,,,,,
2.091735601425171,0.0,0.0,0.0,0.0,11,35449,,,,,,,,,,,,,,,
1.7303941249847412,0.20000000298023224,0.03999999910593033,0.20000000298023224,0.06666667014360428,11,35499,,,,,,,,,,,,,,,
1.3973915576934814,0.5,0.25,0.5,0.3333333432674408,11,35549,,,,,,,,,,,,,,,
1.5138964653015137,0.20000000298023224,0.03999999910593033,0.20000000298023224,0.06666667014360428,11,35599,,,,,,,,,,,,,,,
1.8999220132827759,0.20000000298023224,0.03999999910593033,0.20000000298023224,0.06666667014360428,11,35649,,,,,,,,,,,,,,,
1.6252797842025757,0.10000000149011612,0.009999999776482582,0.10000000149011612,0.01818181946873665,11,35699,,,,,,,,,,,,,,,
1.9178857803344727,0.30000001192092896,0.09000000357627869,0.30000001192092896,0.13846154510974884,11,35749,,,,,,,,,,,,,,,
1.6811978816986084,0.20000000298023224,0.03999999910593033,0.20000000298023224,0.06666667014360428,11,35799,,,,,,,,,,,,,,,
,,,,,11,35831,1.6593836545944214,0.32652580738067627,0.12711259722709656,0.32652580738067627,0.17888803780078888,,,,,,,,,,
,,,,,11,35831,,,,,,1.631731629371643,0.3327193558216095,0.13285624980926514,0.3327193558216095,0.18511293828487396,,,,,
2.020934581756592,0.20000000298023224,0.03999999910593033,0.20000000298023224,0.06666667014360428,12,35849,,,,,,,,,,,,,,,
2.006251573562622,0.20000000298023224,0.03999999910593033,0.20000000298023224,0.06666667014360428,12,35899,,,,,,,,,,,,,,,
1.7708015441894531,0.30000001192092896,0.09000000357627869,0.30000001192092896,0.13846154510974884,12,35949,,,,,,,,,,,,,,,
1.9537235498428345,0.20000000298023224,0.03999999910593033,0.20000000298023224,0.06666667014360428,12,35999,,,,,,,,,,,,,,,
1.453892469406128,0.30000001192092896,0.09000000357627869,0.30000001192092896,0.13846154510974884,12,36049,,,,,,,,,,,,,,,
1.7463061809539795,0.10000000149011612,0.009999999776482582,0.10000000149011612,0.01818181946873665,12,36099,,,,,,,,,,,,,,,
1.352733850479126,0.5,0.25,0.5,0.3333333432674408,12,36149,,,,,,,,,,,,,,,
1.834088921546936,0.20000000298023224,0.03999999910593033,0.20000000298023224,0.06666667014360428,12,36199,,,,,,,,,,,,,,,
1.8038933277130127,0.5,0.25,0.5,0.3333333432674408,12,36249,,,,,,,,,,,,,,,
1.6659440994262695,0.10000000149011612,0.009999999776482582,0.10000000149011612,0.01818181946873665,12,36299,,,,,,,,,,,,,,,
1.8402736186981201,0.4000000059604645,0.1599999964237213,0.4000000059604645,0.22857144474983215,12,36349,,,,,,,,,,,,,,,
1.7733749151229858,0.30000001192092896,0.09000000357627869,0.30000001192092896,0.13846154510974884,12,36399,,,,,,,,,,,,,,,
1.7149814367294312,0.20000000298023224,0.03999999910593033,0.20000000298023224,0.06666667014360428,12,36449,,,,,,,,,,,,,,,
1.793221116065979,0.30000001192092896,0.09000000357627869,0.30000001192092896,0.13846154510974884,12,36499,,,,,,,,,,,,,,,
1.6300232410430908,0.30000001192092896,0.09000000357627869,0.30000001192092896,0.13846154510974884,12,36549,,,,,,,,,,,,,,,
1.3000707626342773,0.6000000238418579,0.36000001430511475,0.6000000238418579,0.44999998807907104,12,36599,,,,,,,,,,,,,,,
1.683074951171875,0.20000000298023224,0.03999999910593033,0.20000000298023224,0.06666667014360428,12,36649,,,,,,,,,,,,,,,
1.5473839044570923,0.5,0.25,0.5,0.3333333432674408,12,36699,,,,,,,,,,,,,,,
1.594347357749939,0.10000000149011612,0.009999999776482582,0.10000000149011612,0.01818181946873665,12,36749,,,,,,,,,,,,,,,
1.9950063228607178,0.10000000149011612,0.009999999776482582,0.10000000149011612,0.01818181946873665,12,36799,,,,,,,,,,,,,,,
1.6100609302520752,0.30000001192092896,0.09000000357627869,0.30000001192092896,0.13846154510974884,12,36849,,,,,,,,,,,,,,,
1.6264606714248657,0.4000000059604645,0.1599999964237213,0.4000000059604645,0.22857144474983215,12,36899,,,,,,,,,,,,,,,
1.854088544845581,0.4000000059604645,0.1599999964237213,0.4000000059604645,0.22857144474983215,12,36949,,,,,,,,,,,,,,,
1.6321170330047607,0.0,0.0,0.0,0.0,12,36999,,,,,,,,,,,,,,,
1.635459303855896,0.30000001192092896,0.09000000357627869,0.30000001192092896,0.13846154510974884,12,37049,,,,,,,,,,,,,,,
1.6058744192123413,0.30000001192092896,0.09000000357627869,0.30000001192092896,0.13846154510974884,12,37099,,,,,,,,,,,,,,,
1.5540302991867065,0.10000000149011612,0.009999999776482582,0.10000000149011612,0.01818181946873665,12,37149,,,,,,,,,,,,,,,
1.4473178386688232,0.30000001192092896,0.09000000357627869,0.30000001192092896,0.13846154510974884,12,37199,,,,,,,,,,,,,,,
1.5874316692352295,0.20000000298023224,0.03999999910593033,0.20000000298023224,0.06666667014360428,12,37249,,,,,,,,,,,,,,,
1.7004636526107788,0.0,0.0,0.0,0.0,12,37299,,,,,,,,,,,,,,,
1.6643425226211548,0.5,0.25,0.5,0.3333333432674408,12,37349,,,,,,,,,,,,,,,
1.5557942390441895,0.4000000059604645,0.1599999964237213,0.4000000059604645,0.22857144474983215,12,37399,,,,,,,,,,,,,,,
1.5479689836502075,0.4000000059604645,0.1599999964237213,0.4000000059604645,0.22857144474983215,12,37449,,,,,,,,,,,,,,,
1.5941717624664307,0.4000000059604645,0.1599999964237213,0.4000000059604645,0.22857144474983215,12,37499,,,,,,,,,,,,,,,
1.5685993432998657,0.10000000149011612,0.009999999776482582,0.10000000149011612,0.01818181946873665,12,37549,,,,,,,,,,,,,,,
1.5457209348678589,0.4000000059604645,0.1599999964237213,0.4000000059604645,0.22857144474983215,12,37599,,,,,,,,,,,,,,,
1.915565848350525,0.20000000298023224,0.03999999910593033,0.20000000298023224,0.06666667014360428,12,37649,,,,,,,,,,,,,,,
1.4773199558258057,0.30000001192092896,0.09000000357627869,0.30000001192092896,0.13846154510974884,12,37699,,,,,,,,,,,,,,,
1.4050122499465942,0.4000000059604645,0.1599999964237213,0.4000000059604645,0.22857144474983215,12,37749,,,,,,,,,,,,,,,
1.442278504371643,0.30000001192092896,0.09000000357627869,0.30000001192092896,0.13846154510974884,12,37799,,,,,,,,,,,,,,,
1.3189326524734497,0.6000000238418579,0.36000001430511475,0.6000000238418579,0.44999998807907104,12,37849,,,,,,,,,,,,,,,
1.6831598281860352,0.20000000298023224,0.03999999910593033,0.20000000298023224,0.06666667014360428,12,37899,,,,,,,,,,,,,,,
1.770652174949646,0.4000000059604645,0.1599999964237213,0.4000000059604645,0.22857144474983215,12,37949,,,,,,,,,,,,,,,
1.4698165655136108,0.6000000238418579,0.36000001430511475,0.6000000238418579,0.44999998807907104,12,37999,,,,,,,,,,,,,,,
1.4124104976654053,0.699999988079071,0.49000000953674316,0.699999988079071,0.5764706134796143,12,38049,,,,,,,,,,,,,,,
1.5772476196289062,0.4000000059604645,0.1599999964237213,0.4000000059604645,0.22857144474983215,12,38099,,,,,,,,,,,,,,,
1.862483263015747,0.4000000059604645,0.1599999964237213,0.4000000059604645,0.22857144474983215,12,38149,,,,,,,,,,,,,,,
1.65594482421875,0.30000001192092896,0.09000000357627869,0.30000001192092896,0.13846154510974884,12,38199,,,,,,,,,,,,,,,
1.8152996301651,0.20000000298023224,0.03999999910593033,0.20000000298023224,0.06666667014360428,12,38249,,,,,,,,,,,,,,,
1.522511601448059,0.20000000298023224,0.03999999910593033,0.20000000298023224,0.06666667014360428,12,38299,,,,,,,,,,,,,,,
1.5024428367614746,0.30000001192092896,0.09000000357627869,0.30000001192092896,0.13846154510974884,12,38349,,,,,,,,,,,,,,,
1.8246749639511108,0.30000001192092896,0.09000000357627869,0.30000001192092896,0.13846154510974884,12,38399,,,,,,,,,,,,,,,
1.6332738399505615,0.30000001192092896,0.09000000357627869,0.30000001192092896,0.13846154510974884,12,38449,,,,,,,,,,,,,,,
1.250220537185669,0.699999988079071,0.49000000953674316,0.699999988079071,0.5764706134796143,12,38499,,,,,,,,,,,,,,,
1.5098851919174194,0.6000000238418579,0.36000001430511475,0.6000000238418579,0.44999998807907104,12,38549,,,,,,,,,,,,,,,
1.4311003684997559,0.4000000059604645,0.1599999964237213,0.4000000059604645,0.22857144474983215,12,38599,,,,,,,,,,,,,,,
1.585617184638977,0.30000001192092896,0.09000000357627869,0.30000001192092896,0.13846154510974884,12,38649,,,,,,,,,,,,,,,
1.8137435913085938,0.5,0.25,0.5,0.3333333432674408,12,38699,,,,,,,,,,,,,,,
1.4906433820724487,0.20000000298023224,0.03999999910593033,0.20000000298023224,0.06666667014360428,12,38749,,,,,,,,,,,,,,,
1.948591947555542,0.30000001192092896,0.09000000357627869,0.30000001192092896,0.13846154510974884,12,38799,,,,,,,,,,,,,,,
,,,,,12,38817,1.660217046737671,0.32652580738067627,0.12711259722709656,0.32652580738067627,0.17888803780078888,,,,,,,,,,
,,,,,12,38817,,,,,,1.6312787532806396,0.3327193558216095,0.13285624980926514,0.3327193558216095,0.18511293828487396,,,,,
1.3700189590454102,0.5,0.25,0.5,0.3333333432674408,13,38849,,,,,,,,,,,,,,,
1.6211202144622803,0.30000001192092896,0.09000000357627869,0.30000001192092896,0.13846154510974884,13,38899,,,,,,,,,,,,,,,
1.752446174621582,0.30000001192092896,0.09000000357627869,0.30000001192092896,0.13846154510974884,13,38949,,,,,,,,,,,,,,,
1.6968271732330322,0.5,0.25,0.5,0.3333333432674408,13,38999,,,,,,,,,,,,,,,
2.0645108222961426,0.4000000059604645,0.1599999964237213,0.4000000059604645,0.22857144474983215,13,39049,,,,,,,,,,,,,,,
1.625318169593811,0.30000001192092896,0.09000000357627869,0.30000001192092896,0.13846154510974884,13,39099,,,,,,,,,,,,,,,
1.5809099674224854,0.4000000059604645,0.1599999964237213,0.4000000059604645,0.22857144474983215,13,39149,,,,,,,,,,,,,,,
1.5168097019195557,0.30000001192092896,0.09000000357627869,0.30000001192092896,0.13846154510974884,13,39199,,,,,,,,,,,,,,,
1.3812297582626343,0.4000000059604645,0.1599999964237213,0.4000000059604645,0.22857144474983215,13,39249,,,,,,,,,,,,,,,
1.3298381567001343,0.6000000238418579,0.36000001430511475,0.6000000238418579,0.44999998807907104,13,39299,,,,,,,,,,,,,,,
1.6317596435546875,0.4000000059604645,0.1599999964237213,0.4000000059604645,0.22857144474983215,13,39349,,,,,,,,,,,,,,,
1.5603307485580444,0.4000000059604645,0.1599999964237213,0.4000000059604645,0.22857144474983215,13,39399,,,,,,,,,,,,,,,
1.5238592624664307,0.20000000298023224,0.03999999910593033,0.20000000298023224,0.06666667014360428,13,39449,,,,,,,,,,,,,,,
1.6842081546783447,0.20000000298023224,0.03999999910593033,0.20000000298023224,0.06666667014360428,13,39499,,,,,,,,,,,,,,,
1.6943553686141968,0.20000000298023224,0.03999999910593033,0.20000000298023224,0.06666667014360428,13,39549,,,,,,,,,,,,,,,
1.527217984199524,0.4000000059604645,0.1599999964237213,0.4000000059604645,0.22857144474983215,13,39599,,,,,,,,,,,,,,,
1.7453352212905884,0.4000000059604645,0.1599999964237213,0.4000000059604645,0.22857144474983215,13,39649,,,,,,,,,,,,,,,
1.4474200010299683,0.30000001192092896,0.09000000357627869,0.30000001192092896,0.13846154510974884,13,39699,,,,,,,,,,,,,,,
1.8735730648040771,0.20000000298023224,0.03999999910593033,0.20000000298023224,0.06666667014360428,13,39749,,,,,,,,,,,,,,,
1.5633519887924194,0.20000000298023224,0.03999999910593033,0.20000000298023224,0.06666667014360428,13,39799,,,,,,,,,,,,,,,
1.4849154949188232,0.30000001192092896,0.09000000357627869,0.30000001192092896,0.13846154510974884,13,39849,,,,,,,,,,,,,,,
1.5600829124450684,0.4000000059604645,0.1599999964237213,0.4000000059604645,0.22857144474983215,13,39899,,,,,,,,,,,,,,,
1.4275929927825928,0.4000000059604645,0.1599999964237213,0.4000000059604645,0.22857144474983215,13,39949,,,,,,,,,,,,,,,
1.8577537536621094,0.4000000059604645,0.1599999964237213,0.4000000059604645,0.22857144474983215,13,39999,,,,,,,,,,,,,,,
1.7256313562393188,0.30000001192092896,0.09000000357627869,0.30000001192092896,0.13846154510974884,13,40049,,,,,,,,,,,,,,,
1.9426206350326538,0.30000001192092896,0.09000000357627869,0.30000001192092896,0.13846154510974884,13,40099,,,,,,,,,,,,,,,
1.7346217632293701,0.30000001192092896,0.09000000357627869,0.30000001192092896,0.13846154510974884,13,40149,,,,,,,,,,,,,,,
1.6241426467895508,0.30000001192092896,0.09000000357627869,0.30000001192092896,0.13846154510974884,13,40199,,,,,,,,,,,,,,,
1.875280737876892,0.30000001192092896,0.09000000357627869,0.30000001192092896,0.13846154510974884,13,40249,,,,,,,,,,,,,,,
1.8239755630493164,0.30000001192092896,0.09000000357627869,0.30000001192092896,0.13846154510974884,13,40299,,,,,,,,,,,,,,,
1.7038953304290771,0.20000000298023224,0.03999999910593033,0.20000000298023224,0.06666667014360428,13,40349,,,,,,,,,,,,,,,
1.7448657751083374,0.20000000298023224,0.03999999910593033,0.20000000298023224,0.06666667014360428,13,40399,,,,,,,,,,,,,,,
1.6067276000976562,0.10000000149011612,0.009999999776482582,0.10000000149011612,0.01818181946873665,13,40449,,,,,,,,,,,,,,,
1.405757188796997,0.5,0.25,0.5,0.3333333432674408,13,40499,,,,,,,,,,,,,,,
1.5248280763626099,0.4000000059604645,0.1599999964237213,0.4000000059604645,0.22857144474983215,13,40549,,,,,,,,,,,,,,,
1.401724934577942,0.4000000059604645,0.1599999964237213,0.4000000059604645,0.22857144474983215,13,40599,,,,,,,,,,,,,,,
1.6868394613265991,0.20000000298023224,0.03999999910593033,0.20000000298023224,0.06666667014360428,13,40649,,,,,,,,,,,,,,,
1.4658856391906738,0.4000000059604645,0.1599999964237213,0.4000000059604645,0.22857144474983215,13,40699,,,,,,,,,,,,,,,
1.7488425970077515,0.10000000149011612,0.009999999776482582,0.10000000149011612,0.01818181946873665,13,40749,,,,,,,,,,,,,,,
1.318334937095642,0.6000000238418579,0.36000001430511475,0.6000000238418579,0.44999998807907104,13,40799,,,,,,,,,,,,,,,
2.0370447635650635,0.10000000149011612,0.009999999776482582,0.10000000149011612,0.01818181946873665,13,40849,,,,,,,,,,,,,,,
1.7759010791778564,0.4000000059604645,0.1599999964237213,0.4000000059604645,0.22857144474983215,13,40899,,,,,,,,,,,,,,,
1.8683652877807617,0.10000000149011612,0.009999999776482582,0.10000000149011612,0.01818181946873665,13,40949,,,,,,,,,,,,,,,
1.5419403314590454,0.20000000298023224,0.03999999910593033,0.20000000298023224,0.06666667014360428,13,40999,,,,,,,,,,,,,,,
1.8514392375946045,0.20000000298023224,0.03999999910593033,0.20000000298023224,0.06666667014360428,13,41049,,,,,,,,,,,,,,,
2.119178295135498,0.30000001192092896,0.09000000357627869,0.30000001192092896,0.13846154510974884,13,41099,,,,,,,,,,,,,,,
1.6651580333709717,0.20000000298023224,0.03999999910593033,0.20000000298023224,0.06666667014360428,13,41149,,,,,,,,,,,,,,,
1.48284912109375,0.6000000238418579,0.36000001430511475,0.6000000238418579,0.44999998807907104,13,41199,,,,,,,,,,,,,,,
1.803654670715332,0.30000001192092896,0.09000000357627869,0.30000001192092896,0.13846154510974884,13,41249,,,,,,,,,,,,,,,
1.5553793907165527,0.5,0.25,0.5,0.3333333432674408,13,41299,,,,,,,,,,,,,,,
1.7879972457885742,0.30000001192092896,0.09000000357627869,0.30000001192092896,0.13846154510974884,13,41349,,,,,,,,,,,,,,,
1.6115829944610596,0.0,0.0,0.0,0.0,13,41399,,,,,,,,,,,,,,,
1.6688244342803955,0.20000000298023224,0.03999999910593033,0.20000000298023224,0.06666667014360428,13,41449,,,,,,,,,,,,,,,
1.3251577615737915,0.6000000238418579,0.36000001430511475,0.6000000238418579,0.44999998807907104,13,41499,,,,,,,,,,,,,,,
1.8139699697494507,0.6000000238418579,0.36000001430511475,0.6000000238418579,0.44999998807907104,13,41549,,,,,,,,,,,,,,,
1.5984705686569214,0.30000001192092896,0.09000000357627869,0.30000001192092896,0.13846154510974884,13,41599,,,,,,,,,,,,,,,
1.5004796981811523,0.20000000298023224,0.03999999910593033,0.20000000298023224,0.06666667014360428,13,41649,,,,,,,,,,,,,,,
2.0845139026641846,0.20000000298023224,0.03999999910593033,0.20000000298023224,0.06666667014360428,13,41699,,,,,,,,,,,,,,,
1.4307920932769775,0.4000000059604645,0.1599999964237213,0.4000000059604645,0.22857144474983215,13,41749,,,,,,,,,,,,,,,
2.209573268890381,0.10000000149011612,0.009999999776482582,0.10000000149011612,0.01818181946873665,13,41799,,,,,,,,,,,,,,,
,,,,,13,41803,1.6607023477554321,0.32652580738067627,0.12711259722709656,0.32652580738067627,0.17888803780078888,,,,,,,,,,
,,,,,13,41803,,,,,,1.6332314014434814,0.3327193558216095,0.13285624980926514,0.3327193558216095,0.18511293828487396,,,,,
,,,,,14,41804,,,,,,,,,,,1.6454944610595703,0.3359906077384949,0.1339273750782013,0.3359906077384949,0.1869634985923767
,,,,,14,41804,1.625611424446106,0.33568075299263,0.13596247136592865,0.33568075299263,0.18825191259384155,,,,,,,,,,
